bib_key,citation_location,evidence_status,metadata_verification,uploaded_manuscript_reference_number,internal_pdf_title_match,is_in_55_coded_map,direct_intrinsic_security_evidence,external_verification_scope
rudin2019stop,main_body_or_existing_appendix,see_evidence_map_if_coded_else_context_only,AUTHOR_SOURCE_REVIEW_REPORTED; INDEPENDENT_METADATA_CHECK_NOT_RECORDED,[1],MATCH_BY_AUTOMATED_NORMALIZED_TITLE,NO,NOT_ESTABLISHED_BY_CITATION_TRACE,NOT_CHECKED_FULL_TEXT
alvarez2018senn,main_body_or_existing_appendix,see_evidence_map_if_coded_else_context_only,PUBLISHER_METADATA_AND_ABSTRACT,[2],MATCH_BY_AUTOMATED_NORMALIZED_TITLE,YES,CONTEXT_ONLY_NOT_DIRECT_SECURITY,PUBLICATION_IDENTITY_AND_ABSTRACT_ONLY
agarwal2021nam,main_body_or_existing_appendix,see_evidence_map_if_coded_else_context_only,AUTHOR_SOURCE_REVIEW_REPORTED; INDEPENDENT_METADATA_CHECK_NOT_RECORDED,[6],MATCH_BY_AUTOMATED_NORMALIZED_TITLE,YES,CONTEXT_ONLY_NOT_DIRECT_SECURITY,NOT_CHECKED_FULL_TEXT
koh2020cbm,main_body_or_existing_appendix,see_evidence_map_if_coded_else_context_only,AUTHOR_SOURCE_REVIEW_REPORTED; INDEPENDENT_METADATA_CHECK_NOT_RECORDED,[3],MATCH_BY_AUTOMATED_NORMALIZED_TITLE,YES,CONTEXT_ONLY_NOT_DIRECT_SECURITY,NOT_CHECKED_FULL_TEXT
chen2019protopnet,main_body_or_existing_appendix,see_evidence_map_if_coded_else_context_only,AUTHOR_SOURCE_REVIEW_REPORTED; INDEPENDENT_METADATA_CHECK_NOT_RECORDED,[4],MATCH_BY_AUTOMATED_NORMALIZED_TITLE,YES,CONTEXT_ONLY_NOT_DIRECT_SECURITY,NOT_CHECKED_FULL_TEXT
nauta2021prototree,main_body_or_existing_appendix,see_evidence_map_if_coded_else_context_only,AUTHOR_SOURCE_REVIEW_REPORTED; INDEPENDENT_METADATA_CHECK_NOT_RECORDED,[5],MATCH_BY_AUTOMATED_NORMALIZED_TITLE,YES,CONTEXT_ONLY_NOT_DIRECT_SECURITY,NOT_CHECKED_FULL_TEXT
yamaguchi2025xbm,main_body_or_existing_appendix,see_evidence_map_if_coded_else_context_only,PUBLISHER_METADATA_AND_ABSTRACT,[7],MATCH_BY_AUTOMATED_NORMALIZED_TITLE,YES,CONTEXT_ONLY_NOT_DIRECT_SECURITY,PUBLICATION_IDENTITY_AND_ABSTRACT_ONLY
ilyas2026intrinsic,main_body_or_existing_appendix,see_evidence_map_if_coded_else_context_only,DOI_METADATA_SECONDARY_INDEX,[42],MATCH_BY_AUTOMATED_NORMALIZED_TITLE,NO,NOT_ESTABLISHED_BY_CITATION_TRACE,PUBLICATION_IDENTITY_AND_ABSTRACT_ONLY
shin2023intervention,main_body_or_existing_appendix,see_evidence_map_if_coded_else_context_only,AUTHOR_SOURCE_REVIEW_REPORTED; INDEPENDENT_METADATA_CHECK_NOT_RECORDED,[29],MATCH_BY_AUTOMATED_NORMALIZED_TITLE,YES,RELIABILITY_NOT_AUTOMATIC_ATTACK_PROOF,PUBLICATION_IDENTITY_AND_ABSTRACT_ONLY
steinmann2024intervene,main_body_or_existing_appendix,see_evidence_map_if_coded_else_context_only,AUTHOR_SOURCE_REVIEW_REPORTED; INDEPENDENT_METADATA_CHECK_NOT_RECORDED,[46],MATCH_BY_AUTOMATED_NORMALIZED_TITLE,YES,RELIABILITY_NOT_AUTOMATIC_ATTACK_PROOF,NOT_CHECKED_FULL_TEXT
sinha2023robust,main_body_or_existing_appendix,see_evidence_map_if_coded_else_context_only,AUTHOR_SOURCE_REVIEW_REPORTED; INDEPENDENT_METADATA_CHECK_NOT_RECORDED,[27],MATCH_BY_AUTOMATED_NORMALIZED_TITLE,YES,DIRECT_CLAIM_REQUIRES_SOURCE_REVIEW,NOT_CHECKED_FULL_TEXT
rasheed2024concept,main_body_or_existing_appendix,see_evidence_map_if_coded_else_context_only,AUTHOR_SOURCE_REVIEW_REPORTED; INDEPENDENT_METADATA_CHECK_NOT_RECORDED,[28],MATCH_BY_AUTOMATED_NORMALIZED_TITLE,YES,DIRECT_CLAIM_REQUIRES_SOURCE_REVIEW,NOT_CHECKED_FULL_TEXT
park2025noisycbm,main_body_or_existing_appendix,see_evidence_map_if_coded_else_context_only,AUTHOR_SOURCE_REVIEW_REPORTED; INDEPENDENT_METADATA_CHECK_NOT_RECORDED,[30],MATCH_BY_AUTOMATED_NORMALIZED_TITLE,YES,RELIABILITY_NOT_AUTOMATIC_ATTACK_PROOF,PUBLICATION_IDENTITY_AND_ABSTRACT_ONLY
lai2026cat,main_body_or_existing_appendix,see_evidence_map_if_coded_else_context_only,PUBLICATION_MANUSCRIPT_AND_ABSTRACT,[32],MATCH_BY_AUTOMATED_NORMALIZED_TITLE,YES,DIRECT_CLAIM_REQUIRES_SOURCE_REVIEW,PUBLICATION_IDENTITY_AND_ABSTRACT_ONLY
enouen2026debug,main_body_or_existing_appendix,see_evidence_map_if_coded_else_context_only,AUTHOR_SOURCE_REVIEW_REPORTED; INDEPENDENT_METADATA_CHECK_NOT_RECORDED,[31],MATCH_BY_AUTOMATED_NORMALIZED_TITLE,YES,DIRECT_CLAIM_REQUIRES_SOURCE_REVIEW,NOT_CHECKED_FULL_TEXT
huang2023prototype,main_body_or_existing_appendix,see_evidence_map_if_coded_else_context_only,PUBLISHER_METADATA_AND_ABSTRACT,[34],MATCH_BY_AUTOMATED_NORMALIZED_TITLE,YES,RELIABILITY_NOT_AUTOMATIC_ATTACK_PROOF,PUBLICATION_IDENTITY_AND_ABSTRACT_ONLY
sacha2024misalignment,main_body_or_existing_appendix,see_evidence_map_if_coded_else_context_only,PUBLISHER_METADATA_AND_ABSTRACT,[35],MATCH_BY_AUTOMATED_NORMALIZED_TITLE,YES,RELIABILITY_NOT_AUTOMATIC_ATTACK_PROOF,PUBLICATION_IDENTITY_AND_ABSTRACT_ONLY
baniecki2025birds,main_body_or_existing_appendix,see_evidence_map_if_coded_else_context_only,PUBLISHER_METADATA_AND_ABSTRACT,[36],MATCH_BY_AUTOMATED_NORMALIZED_TITLE,YES,DIRECT_CLAIM_REQUIRES_SOURCE_REVIEW,PUBLICATION_IDENTITY_AND_ABSTRACT_ONLY
zhang2024additive,main_body_or_existing_appendix,see_evidence_map_if_coded_else_context_only,INSTITUTION_METADATA_AND_ABSTRACT,[40],MATCH_BY_AUTOMATED_NORMALIZED_TITLE,YES,RELIABILITY_NOT_AUTOMATIC_ATTACK_PROOF,PUBLICATION_IDENTITY_AND_ABSTRACT_ONLY
chen2026mlnam,main_body_or_existing_appendix,see_evidence_map_if_coded_else_context_only,PUBLISHER_METADATA_AND_ABSTRACT,[51],MATCH_BY_AUTOMATED_NORMALIZED_TITLE,YES,NOISE_ROBUSTNESS_NOT_ADVERSARIAL_SECURITY,PUBLICATION_IDENTITY_AND_ABSTRACT_ONLY
bassan2026provably,main_body_or_existing_appendix,see_evidence_map_if_coded_else_context_only,PUBLISHED_PAPER_ABSTRACT,[41],MATCH_BY_AUTOMATED_NORMALIZED_TITLE,YES,CERTIFICATE_SCOPE_REQUIRES_SOURCE_REVIEW,PUBLICATION_IDENTITY_AND_ABSTRACT_ONLY
zheng2019sem,main_body_or_existing_appendix,see_evidence_map_if_coded_else_context_only,PREPRINT_METADATA_AND_ABSTRACT,[22],MATCH_BY_AUTOMATED_NORMALIZED_TITLE,YES,DIRECT_CLAIM_REQUIRES_SOURCE_REVIEW,PUBLICATION_IDENTITY_AND_ABSTRACT_ONLY
ghorbani2019fragile,main_body_or_existing_appendix,see_evidence_map_if_coded_else_context_only,AUTHOR_SOURCE_REVIEW_REPORTED; INDEPENDENT_METADATA_CHECK_NOT_RECORDED,[8],MATCH_BY_AUTOMATED_NORMALIZED_TITLE,YES,NOT_DIRECT_INTRINSIC_EVIDENCE,NOT_CHECKED_FULL_TEXT
heo2019fooling,main_body_or_existing_appendix,see_evidence_map_if_coded_else_context_only,AUTHOR_SOURCE_REVIEW_REPORTED; INDEPENDENT_METADATA_CHECK_NOT_RECORDED,[10],MATCH_BY_AUTOMATED_NORMALIZED_TITLE,YES,NOT_DIRECT_INTRINSIC_EVIDENCE,NOT_CHECKED_FULL_TEXT
slack2020fooling,main_body_or_existing_appendix,see_evidence_map_if_coded_else_context_only,AUTHOR_SOURCE_REVIEW_REPORTED; INDEPENDENT_METADATA_CHECK_NOT_RECORDED,[11],MATCH_BY_AUTOMATED_NORMALIZED_TITLE,YES,NOT_DIRECT_INTRINSIC_EVIDENCE,NOT_CHECKED_FULL_TEXT
zhang2020underfire,main_body_or_existing_appendix,see_evidence_map_if_coded_else_context_only,AUTHOR_SOURCE_REVIEW_REPORTED; INDEPENDENT_METADATA_CHECK_NOT_RECORDED,[74],MATCH_BY_AUTOMATED_NORMALIZED_TITLE,NO,NOT_ESTABLISHED_BY_CITATION_TRACE,NOT_CHECKED_FULL_TEXT
gan2022stable,main_body_or_existing_appendix,see_evidence_map_if_coded_else_context_only,AUTHOR_SOURCE_REVIEW_REPORTED; INDEPENDENT_METADATA_CHECK_NOT_RECORDED,[78],MATCH_BY_AUTOMATED_NORMALIZED_TITLE,YES,NOT_DIRECT_INTRINSIC_EVIDENCE,NOT_CHECKED_FULL_TEXT
noppel2023backdoor,main_body_or_existing_appendix,see_evidence_map_if_coded_else_context_only,AUTHOR_SOURCE_REVIEW_REPORTED; INDEPENDENT_METADATA_CHECK_NOT_RECORDED,[14],MATCH_BY_AUTOMATED_NORMALIZED_TITLE,YES,NOT_DIRECT_INTRINSIC_EVIDENCE,NOT_CHECKED_FULL_TEXT
noppel2024sok,main_body_or_existing_appendix,see_evidence_map_if_coded_else_context_only,PUBLISHER_METADATA_AND_ABSTRACT,[18],MATCH_BY_AUTOMATED_NORMALIZED_TITLE,YES,NOT_PRIMARY_SECURITY_EVIDENCE,PUBLICATION_IDENTITY_AND_ABSTRACT_ONLY
baniecki2024survey,main_body_or_existing_appendix,see_evidence_map_if_coded_else_context_only,AUTHOR_SOURCE_REVIEW_REPORTED; INDEPENDENT_METADATA_CHECK_NOT_RECORDED,[19],MATCH_BY_AUTOMATED_NORMALIZED_TITLE,YES,NOT_PRIMARY_SECURITY_EVIDENCE,NOT_CHECKED_FULL_TEXT
vadillo2025survey,main_body_or_existing_appendix,see_evidence_map_if_coded_else_context_only,AUTHOR_SOURCE_REVIEW_REPORTED; INDEPENDENT_METADATA_CHECK_NOT_RECORDED,[20],MATCH_BY_AUTOMATED_NORMALIZED_TITLE,YES,NOT_PRIMARY_SECURITY_EVIDENCE,NOT_CHECKED_FULL_TEXT
milli2019reconstruction,main_body_or_existing_appendix,see_evidence_map_if_coded_else_context_only,AUTHOR_SOURCE_REVIEW_REPORTED; INDEPENDENT_METADATA_CHECK_NOT_RECORDED,[15],MATCH_BY_AUTOMATED_NORMALIZED_TITLE,YES,NOT_DIRECT_INTRINSIC_EVIDENCE,PUBLICATION_IDENTITY_AND_ABSTRACT_ONLY
shokri2021privacy,main_body_or_existing_appendix,see_evidence_map_if_coded_else_context_only,AUTHOR_SOURCE_REVIEW_REPORTED; INDEPENDENT_METADATA_CHECK_NOT_RECORDED,[16],MATCH_BY_AUTOMATED_NORMALIZED_TITLE,YES,NOT_DIRECT_INTRINSIC_EVIDENCE,PUBLICATION_IDENTITY_AND_ABSTRACT_ONLY
goethals2023linkage,main_body_or_existing_appendix,see_evidence_map_if_coded_else_context_only,AUTHOR_SOURCE_REVIEW_REPORTED; INDEPENDENT_METADATA_CHECK_NOT_RECORDED,[76],MATCH_BY_AUTOMATED_NORMALIZED_TITLE,YES,NOT_DIRECT_INTRINSIC_EVIDENCE,NOT_CHECKED_FULL_TEXT
ma2024membership,main_body_or_existing_appendix,see_evidence_map_if_coded_else_context_only,AUTHOR_SOURCE_REVIEW_REPORTED; INDEPENDENT_METADATA_CHECK_NOT_RECORDED,[45],MATCH_BY_AUTOMATED_NORMALIZED_TITLE,YES,NOT_DIRECT_INTRINSIC_EVIDENCE,NOT_CHECKED_FULL_TEXT
adebayo2018sanity,main_body_or_existing_appendix,see_evidence_map_if_coded_else_context_only,AUTHOR_SOURCE_REVIEW_REPORTED; INDEPENDENT_METADATA_CHECK_NOT_RECORDED,[82],MATCH_BY_AUTOMATED_NORMALIZED_TITLE,YES,NOT_DIRECT_INTRINSIC_EVIDENCE,NOT_CHECKED_FULL_TEXT
aivodji2019fairwashing,main_body_or_existing_appendix,see_evidence_map_if_coded_else_context_only,AUTHOR_SOURCE_REVIEW_REPORTED; INDEPENDENT_METADATA_CHECK_NOT_RECORDED,[75],MATCH_BY_AUTOMATED_NORMALIZED_TITLE,YES,NOT_DIRECT_INTRINSIC_EVIDENCE,NOT_CHECKED_FULL_TEXT
dombrowski2019geometry,main_body_or_existing_appendix,see_evidence_map_if_coded_else_context_only,AUTHOR_SOURCE_REVIEW_REPORTED; INDEPENDENT_METADATA_CHECK_NOT_RECORDED,[9],MATCH_BY_AUTOMATED_NORMALIZED_TITLE,YES,NOT_DIRECT_INTRINSIC_EVIDENCE,NOT_CHECKED_FULL_TEXT
anders2020offmanifold,main_body_or_existing_appendix,see_evidence_map_if_coded_else_context_only,AUTHOR_SOURCE_REVIEW_REPORTED; INDEPENDENT_METADATA_CHECK_NOT_RECORDED,[12],MATCH_BY_AUTOMATED_NORMALIZED_TITLE,YES,NOT_DIRECT_INTRINSIC_EVIDENCE,NOT_CHECKED_FULL_TEXT
dimanov2020conceal,main_body_or_existing_appendix,see_evidence_map_if_coded_else_context_only,AUTHOR_SOURCE_REVIEW_REPORTED; INDEPENDENT_METADATA_CHECK_NOT_RECORDED,[13],MATCH_BY_AUTOMATED_NORMALIZED_TITLE,YES,NOT_DIRECT_INTRINSIC_EVIDENCE,NOT_CHECKED_FULL_TEXT
zarlenga2022cem,main_body_or_existing_appendix,see_evidence_map_if_coded_else_context_only,AUTHOR_SOURCE_REVIEW_REPORTED; INDEPENDENT_METADATA_CHECK_NOT_RECORDED,[23],MATCH_BY_AUTOMATED_NORMALIZED_TITLE,YES,CONTEXT_ONLY_NOT_DIRECT_SECURITY,NOT_CHECKED_FULL_TEXT
yuksekgonul2023pcbm,main_body_or_existing_appendix,see_evidence_map_if_coded_else_context_only,AUTHOR_SOURCE_REVIEW_REPORTED; INDEPENDENT_METADATA_CHECK_NOT_RECORDED,[24],MATCH_BY_AUTOMATED_NORMALIZED_TITLE,YES,CONTEXT_ONLY_NOT_DIRECT_SECURITY,NOT_CHECKED_FULL_TEXT
oikarinen2023lfcbm,main_body_or_existing_appendix,see_evidence_map_if_coded_else_context_only,AUTHOR_SOURCE_REVIEW_REPORTED; INDEPENDENT_METADATA_CHECK_NOT_RECORDED,[25],MATCH_BY_AUTOMATED_NORMALIZED_TITLE,YES,CONTEXT_ONLY_NOT_DIRECT_SECURITY,NOT_CHECKED_FULL_TEXT
chauhan2023interactive,main_body_or_existing_appendix,see_evidence_map_if_coded_else_context_only,AUTHOR_SOURCE_REVIEW_REPORTED; INDEPENDENT_METADATA_CHECK_NOT_RECORDED,[26],MATCH_BY_AUTOMATED_NORMALIZED_TITLE,YES,RELIABILITY_NOT_AUTOMATIC_ATTACK_PROOF,NOT_CHECKED_FULL_TEXT
nauta2023pipnet,main_body_or_existing_appendix,see_evidence_map_if_coded_else_context_only,AUTHOR_SOURCE_REVIEW_REPORTED; INDEPENDENT_METADATA_CHECK_NOT_RECORDED,[33],MATCH_BY_AUTOMATED_NORMALIZED_TITLE,YES,ADJACENT_REQUIRES_SOURCE_REVIEW,NOT_CHECKED_FULL_TEXT
yang2021gaminet,main_body_or_existing_appendix,see_evidence_map_if_coded_else_context_only,AUTHOR_SOURCE_REVIEW_REPORTED; INDEPENDENT_METADATA_CHECK_NOT_RECORDED,[37],MATCH_BY_AUTOMATED_NORMALIZED_TITLE,YES,CONTEXT_ONLY_NOT_DIRECT_SECURITY,NOT_CHECKED_FULL_TEXT
chang2022nodegam,main_body_or_existing_appendix,see_evidence_map_if_coded_else_context_only,AUTHOR_SOURCE_REVIEW_REPORTED; INDEPENDENT_METADATA_CHECK_NOT_RECORDED,[38],MATCH_BY_AUTOMATED_NORMALIZED_TITLE,YES,CONTEXT_ONLY_NOT_DIRECT_SECURITY,NOT_CHECKED_FULL_TEXT
chang2021gams,main_body_or_existing_appendix,see_evidence_map_if_coded_else_context_only,AUTHOR_INSTITUTION_METADATA_AND_ABSTRACT,[39],MATCH_BY_AUTOMATED_NORMALIZED_TITLE,YES,RELIABILITY_NOT_AUTOMATIC_ATTACK_PROOF,PUBLICATION_IDENTITY_AND_ABSTRACT_ONLY
ross2017right,main_body_or_existing_appendix,see_evidence_map_if_coded_else_context_only,AUTHOR_SOURCE_REVIEW_REPORTED; INDEPENDENT_METADATA_CHECK_NOT_RECORDED,[81],MATCH_BY_AUTOMATED_NORMALIZED_TITLE,YES,NOT_DIRECT_INTRINSIC_EVIDENCE,NOT_CHECKED_FULL_TEXT
yeh2019infidelity,main_body_or_existing_appendix,see_evidence_map_if_coded_else_context_only,AUTHOR_SOURCE_REVIEW_REPORTED; INDEPENDENT_METADATA_CHECK_NOT_RECORDED,[47],MATCH_BY_AUTOMATED_NORMALIZED_TITLE,YES,NOT_PRIMARY_SECURITY_EVIDENCE,NOT_CHECKED_FULL_TEXT
hedstrom2023quantus,main_body_or_existing_appendix,see_evidence_map_if_coded_else_context_only,AUTHOR_SOURCE_REVIEW_REPORTED; INDEPENDENT_METADATA_CHECK_NOT_RECORDED,[48],MATCH_BY_AUTOMATED_NORMALIZED_TITLE,YES,NOT_PRIMARY_SECURITY_EVIDENCE,NOT_CHECKED_FULL_TEXT
wang2022dualcf,main_body_or_existing_appendix,see_evidence_map_if_coded_else_context_only,AUTHOR_SOURCE_REVIEW_REPORTED; INDEPENDENT_METADATA_CHECK_NOT_RECORDED,[49],MATCH_BY_AUTOMATED_NORMALIZED_TITLE,YES,NOT_DIRECT_INTRINSIC_EVIDENCE,NOT_CHECKED_FULL_TEXT
duddu2022sensitive,main_body_or_existing_appendix,see_evidence_map_if_coded_else_context_only,AUTHOR_SOURCE_REVIEW_REPORTED; INDEPENDENT_METADATA_CHECK_NOT_RECORDED,[17],MATCH_BY_AUTOMATED_NORMALIZED_TITLE,YES,NOT_DIRECT_INTRINSIC_EVIDENCE,NOT_CHECKED_FULL_TEXT
patel2022dp,main_body_or_existing_appendix,see_evidence_map_if_coded_else_context_only,AUTHOR_SOURCE_REVIEW_REPORTED; INDEPENDENT_METADATA_CHECK_NOT_RECORDED,[50],MATCH_BY_AUTOMATED_NORMALIZED_TITLE,YES,NOT_DIRECT_INTRINSIC_EVIDENCE,NOT_CHECKED_FULL_TEXT
an2024counterfactual,main_body_or_existing_appendix,see_evidence_map_if_coded_else_context_only,AUTHOR_SOURCE_REVIEW_REPORTED; INDEPENDENT_METADATA_CHECK_NOT_RECORDED,[77],MATCH_BY_AUTOMATED_NORMALIZED_TITLE,YES,NOT_DIRECT_INTRINSIC_EVIDENCE,NOT_CHECKED_FULL_TEXT
nguyen2025privacy,main_body_or_existing_appendix,see_evidence_map_if_coded_else_context_only,AUTHOR_SOURCE_REVIEW_REPORTED; INDEPENDENT_METADATA_CHECK_NOT_RECORDED,[21],MATCH_BY_AUTOMATED_NORMALIZED_TITLE,YES,NOT_PRIMARY_SECURITY_EVIDENCE,NOT_CHECKED_FULL_TEXT
poeta2025conceptsurvey,main_body_or_existing_appendix,see_evidence_map_if_coded_else_context_only,AUTHOR_SOURCE_REVIEW_REPORTED; INDEPENDENT_METADATA_CHECK_NOT_RECORDED,[79],MATCH_BY_AUTOMATED_NORMALIZED_TITLE,YES,NOT_PRIMARY_SECURITY_EVIDENCE,NOT_CHECKED_FULL_TEXT
knab2026cbmsurvey,main_body_or_existing_appendix,see_evidence_map_if_coded_else_context_only,AUTHOR_SOURCE_REVIEW_REPORTED; INDEPENDENT_METADATA_CHECK_NOT_RECORDED,[80],MATCH_BY_AUTOMATED_NORMALIZED_TITLE,YES,NOT_PRIMARY_SECURITY_EVIDENCE,PUBLICATION_IDENTITY_AND_ABSTRACT_ONLY
ribeiro2016lime,main_body_or_existing_appendix,see_evidence_map_if_coded_else_context_only,AUTHOR_SOURCE_REVIEW_REPORTED; INDEPENDENT_METADATA_CHECK_NOT_RECORDED,[64],MATCH_BY_AUTOMATED_NORMALIZED_TITLE,NO,NOT_ESTABLISHED_BY_CITATION_TRACE,NOT_CHECKED_FULL_TEXT
lundberg2017shap,main_body_or_existing_appendix,see_evidence_map_if_coded_else_context_only,AUTHOR_SOURCE_REVIEW_REPORTED; INDEPENDENT_METADATA_CHECK_NOT_RECORDED,[65],MATCH_BY_AUTOMATED_NORMALIZED_TITLE,NO,NOT_ESTABLISHED_BY_CITATION_TRACE,NOT_CHECKED_FULL_TEXT
sundararajan2017ig,main_body_or_existing_appendix,see_evidence_map_if_coded_else_context_only,AUTHOR_SOURCE_REVIEW_REPORTED; INDEPENDENT_METADATA_CHECK_NOT_RECORDED,[66],MATCH_BY_AUTOMATED_NORMALIZED_TITLE,NO,NOT_ESTABLISHED_BY_CITATION_TRACE,NOT_CHECKED_FULL_TEXT
shrikumar2017deeplift,main_body_or_existing_appendix,see_evidence_map_if_coded_else_context_only,AUTHOR_SOURCE_REVIEW_REPORTED; INDEPENDENT_METADATA_CHECK_NOT_RECORDED,[67],MATCH_BY_AUTOMATED_NORMALIZED_TITLE,NO,NOT_ESTABLISHED_BY_CITATION_TRACE,NOT_CHECKED_FULL_TEXT
selvaraju2017gradcam,main_body_or_existing_appendix,see_evidence_map_if_coded_else_context_only,AUTHOR_SOURCE_REVIEW_REPORTED; INDEPENDENT_METADATA_CHECK_NOT_RECORDED,[68],MATCH_BY_AUTOMATED_NORMALIZED_TITLE,NO,NOT_ESTABLISHED_BY_CITATION_TRACE,NOT_CHECKED_FULL_TEXT
ribeiro2018anchors,main_body_or_existing_appendix,see_evidence_map_if_coded_else_context_only,AUTHOR_SOURCE_REVIEW_REPORTED; INDEPENDENT_METADATA_CHECK_NOT_RECORDED,[69],MATCH_BY_AUTOMATED_NORMALIZED_TITLE,NO,NOT_ESTABLISHED_BY_CITATION_TRACE,NOT_CHECKED_FULL_TEXT
koh2017influence,main_body_or_existing_appendix,see_evidence_map_if_coded_else_context_only,AUTHOR_SOURCE_REVIEW_REPORTED; INDEPENDENT_METADATA_CHECK_NOT_RECORDED,[71],MATCH_BY_AUTOMATED_NORMALIZED_TITLE,NO,NOT_ESTABLISHED_BY_CITATION_TRACE,NOT_CHECKED_FULL_TEXT
mothilal2020dice,main_body_or_existing_appendix,see_evidence_map_if_coded_else_context_only,AUTHOR_SOURCE_REVIEW_REPORTED; INDEPENDENT_METADATA_CHECK_NOT_RECORDED,[72],MATCH_BY_AUTOMATED_NORMALIZED_TITLE,NO,NOT_ESTABLISHED_BY_CITATION_TRACE,NOT_CHECKED_FULL_TEXT
kim2018tcav,main_body_or_existing_appendix,see_evidence_map_if_coded_else_context_only,AUTHOR_SOURCE_REVIEW_REPORTED; INDEPENDENT_METADATA_CHECK_NOT_RECORDED,[70],MATCH_BY_AUTOMATED_NORMALIZED_TITLE,NO,NOT_ESTABLISHED_BY_CITATION_TRACE,NOT_CHECKED_FULL_TEXT
lou2012gam,main_body_or_existing_appendix,see_evidence_map_if_coded_else_context_only,AUTHOR_SOURCE_REVIEW_REPORTED; INDEPENDENT_METADATA_CHECK_NOT_RECORDED,[73],MATCH_BY_AUTOMATED_NORMALIZED_TITLE,NO,NOT_ESTABLISHED_BY_CITATION_TRACE,NOT_CHECKED_FULL_TEXT
ji2025sinnsurvey,main_body_or_existing_appendix,see_evidence_map_if_coded_else_context_only,AUTHOR_SOURCE_REVIEW_REPORTED; INDEPENDENT_METADATA_CHECK_NOT_RECORDED,[43],MATCH_BY_AUTOMATED_NORMALIZED_TITLE,NO,NOT_ESTABLISHED_BY_CITATION_TRACE,NOT_CHECKED_FULL_TEXT
dimarino2025antehoc,main_body_or_existing_appendix,see_evidence_map_if_coded_else_context_only,AUTHOR_SOURCE_REVIEW_REPORTED; INDEPENDENT_METADATA_CHECK_NOT_RECORDED,[44],MATCH_BY_AUTOMATED_NORMALIZED_TITLE,NO,NOT_ESTABLISHED_BY_CITATION_TRACE,NOT_CHECKED_FULL_TEXT
ext003,extended_context_appendix_only,see_evidence_map_if_coded_else_context_only,AUTHOR_SOURCE_REVIEW_REPORTED; INDEPENDENT_METADATA_CHECK_NOT_RECORDED,[83],MATCH_BY_AUTOMATED_NORMALIZED_TITLE,NO,NOT_ESTABLISHED_BY_CITATION_TRACE,NOT_CHECKED_FULL_TEXT
ext004,extended_context_appendix_only,see_evidence_map_if_coded_else_context_only,AUTHOR_SOURCE_REVIEW_REPORTED; INDEPENDENT_METADATA_CHECK_NOT_RECORDED,[84],MATCH_BY_AUTOMATED_NORMALIZED_TITLE,NO,NOT_ESTABLISHED_BY_CITATION_TRACE,NOT_CHECKED_FULL_TEXT
ext005,extended_context_appendix_only,see_evidence_map_if_coded_else_context_only,AUTHOR_SOURCE_REVIEW_REPORTED; INDEPENDENT_METADATA_CHECK_NOT_RECORDED,[85],MATCH_BY_AUTOMATED_NORMALIZED_TITLE,NO,NOT_ESTABLISHED_BY_CITATION_TRACE,NOT_CHECKED_FULL_TEXT
ext006,extended_context_appendix_only,see_evidence_map_if_coded_else_context_only,AUTHOR_SOURCE_REVIEW_REPORTED; INDEPENDENT_METADATA_CHECK_NOT_RECORDED,[86],MATCH_BY_AUTOMATED_NORMALIZED_TITLE,NO,NOT_ESTABLISHED_BY_CITATION_TRACE,NOT_CHECKED_FULL_TEXT
ext007,extended_context_appendix_only,see_evidence_map_if_coded_else_context_only,AUTHOR_SOURCE_REVIEW_REPORTED; INDEPENDENT_METADATA_CHECK_NOT_RECORDED,[87],MATCH_BY_AUTOMATED_NORMALIZED_TITLE,NO,NOT_ESTABLISHED_BY_CITATION_TRACE,NOT_CHECKED_FULL_TEXT
ext008,extended_context_appendix_only,see_evidence_map_if_coded_else_context_only,AUTHOR_SOURCE_REVIEW_REPORTED; INDEPENDENT_METADATA_CHECK_NOT_RECORDED,[88],MATCH_BY_AUTOMATED_NORMALIZED_TITLE,NO,NOT_ESTABLISHED_BY_CITATION_TRACE,NOT_CHECKED_FULL_TEXT
ext009,extended_context_appendix_only,see_evidence_map_if_coded_else_context_only,AUTHOR_SOURCE_REVIEW_REPORTED; INDEPENDENT_METADATA_CHECK_NOT_RECORDED,[89],MATCH_BY_AUTOMATED_NORMALIZED_TITLE,NO,NOT_ESTABLISHED_BY_CITATION_TRACE,NOT_CHECKED_FULL_TEXT
ext010,extended_context_appendix_only,see_evidence_map_if_coded_else_context_only,AUTHOR_SOURCE_REVIEW_REPORTED; INDEPENDENT_METADATA_CHECK_NOT_RECORDED,[90],MATCH_BY_AUTOMATED_NORMALIZED_TITLE,NO,NOT_ESTABLISHED_BY_CITATION_TRACE,NOT_CHECKED_FULL_TEXT
ext011,extended_context_appendix_only,see_evidence_map_if_coded_else_context_only,AUTHOR_SOURCE_REVIEW_REPORTED; INDEPENDENT_METADATA_CHECK_NOT_RECORDED,[91],MATCH_BY_AUTOMATED_NORMALIZED_TITLE,NO,NOT_ESTABLISHED_BY_CITATION_TRACE,NOT_CHECKED_FULL_TEXT
ext012,extended_context_appendix_only,see_evidence_map_if_coded_else_context_only,AUTHOR_SOURCE_REVIEW_REPORTED; INDEPENDENT_METADATA_CHECK_NOT_RECORDED,[92],MATCH_BY_AUTOMATED_NORMALIZED_TITLE,NO,NOT_ESTABLISHED_BY_CITATION_TRACE,NOT_CHECKED_FULL_TEXT
ext013,extended_context_appendix_only,see_evidence_map_if_coded_else_context_only,AUTHOR_SOURCE_REVIEW_REPORTED; INDEPENDENT_METADATA_CHECK_NOT_RECORDED,[93],MATCH_BY_AUTOMATED_NORMALIZED_TITLE,NO,NOT_ESTABLISHED_BY_CITATION_TRACE,NOT_CHECKED_FULL_TEXT
ext014,extended_context_appendix_only,see_evidence_map_if_coded_else_context_only,AUTHOR_SOURCE_REVIEW_REPORTED; INDEPENDENT_METADATA_CHECK_NOT_RECORDED,[94],MATCH_BY_AUTOMATED_NORMALIZED_TITLE,NO,NOT_ESTABLISHED_BY_CITATION_TRACE,NOT_CHECKED_FULL_TEXT
ext015,extended_context_appendix_only,see_evidence_map_if_coded_else_context_only,AUTHOR_SOURCE_REVIEW_REPORTED; INDEPENDENT_METADATA_CHECK_NOT_RECORDED,[95],MATCH_BY_AUTOMATED_NORMALIZED_TITLE,NO,NOT_ESTABLISHED_BY_CITATION_TRACE,NOT_CHECKED_FULL_TEXT
ext016,extended_context_appendix_only,see_evidence_map_if_coded_else_context_only,AUTHOR_SOURCE_REVIEW_REPORTED; INDEPENDENT_METADATA_CHECK_NOT_RECORDED,[96],MATCH_BY_AUTOMATED_NORMALIZED_TITLE,NO,NOT_ESTABLISHED_BY_CITATION_TRACE,NOT_CHECKED_FULL_TEXT
ext017,extended_context_appendix_only,see_evidence_map_if_coded_else_context_only,AUTHOR_SOURCE_REVIEW_REPORTED; INDEPENDENT_METADATA_CHECK_NOT_RECORDED,[97],MATCH_BY_AUTOMATED_NORMALIZED_TITLE,NO,NOT_ESTABLISHED_BY_CITATION_TRACE,NOT_CHECKED_FULL_TEXT
ext018,extended_context_appendix_only,see_evidence_map_if_coded_else_context_only,AUTHOR_SOURCE_REVIEW_REPORTED; INDEPENDENT_METADATA_CHECK_NOT_RECORDED,[98],MATCH_BY_AUTOMATED_NORMALIZED_TITLE,NO,NOT_ESTABLISHED_BY_CITATION_TRACE,NOT_CHECKED_FULL_TEXT
ext019,extended_context_appendix_only,see_evidence_map_if_coded_else_context_only,AUTHOR_SOURCE_REVIEW_REPORTED; INDEPENDENT_METADATA_CHECK_NOT_RECORDED,[99],MATCH_BY_AUTOMATED_NORMALIZED_TITLE,NO,NOT_ESTABLISHED_BY_CITATION_TRACE,NOT_CHECKED_FULL_TEXT
ext020,extended_context_appendix_only,see_evidence_map_if_coded_else_context_only,AUTHOR_SOURCE_REVIEW_REPORTED; INDEPENDENT_METADATA_CHECK_NOT_RECORDED,[100],MATCH_BY_AUTOMATED_NORMALIZED_TITLE,NO,NOT_ESTABLISHED_BY_CITATION_TRACE,NOT_CHECKED_FULL_TEXT
ext021,extended_context_appendix_only,see_evidence_map_if_coded_else_context_only,AUTHOR_SOURCE_REVIEW_REPORTED; INDEPENDENT_METADATA_CHECK_NOT_RECORDED,[101],MATCH_BY_AUTOMATED_NORMALIZED_TITLE,NO,NOT_ESTABLISHED_BY_CITATION_TRACE,NOT_CHECKED_FULL_TEXT
ext022,extended_context_appendix_only,see_evidence_map_if_coded_else_context_only,AUTHOR_SOURCE_REVIEW_REPORTED; INDEPENDENT_METADATA_CHECK_NOT_RECORDED,[102],MATCH_BY_AUTOMATED_NORMALIZED_TITLE,NO,NOT_ESTABLISHED_BY_CITATION_TRACE,NOT_CHECKED_FULL_TEXT
ext023,extended_context_appendix_only,see_evidence_map_if_coded_else_context_only,AUTHOR_SOURCE_REVIEW_REPORTED; INDEPENDENT_METADATA_CHECK_NOT_RECORDED,[103],MATCH_BY_AUTOMATED_NORMALIZED_TITLE,NO,NOT_ESTABLISHED_BY_CITATION_TRACE,NOT_CHECKED_FULL_TEXT
ext024,extended_context_appendix_only,see_evidence_map_if_coded_else_context_only,AUTHOR_SOURCE_REVIEW_REPORTED; INDEPENDENT_METADATA_CHECK_NOT_RECORDED,[104],MATCH_BY_AUTOMATED_NORMALIZED_TITLE,NO,NOT_ESTABLISHED_BY_CITATION_TRACE,NOT_CHECKED_FULL_TEXT
ext026,extended_context_appendix_only,see_evidence_map_if_coded_else_context_only,AUTHOR_SOURCE_REVIEW_REPORTED; INDEPENDENT_METADATA_CHECK_NOT_RECORDED,[105],MATCH_BY_AUTOMATED_NORMALIZED_TITLE,NO,NOT_ESTABLISHED_BY_CITATION_TRACE,NOT_CHECKED_FULL_TEXT
ext027,extended_context_appendix_only,see_evidence_map_if_coded_else_context_only,AUTHOR_SOURCE_REVIEW_REPORTED; INDEPENDENT_METADATA_CHECK_NOT_RECORDED,[106],MATCH_BY_AUTOMATED_NORMALIZED_TITLE,NO,NOT_ESTABLISHED_BY_CITATION_TRACE,NOT_CHECKED_FULL_TEXT
ext028,extended_context_appendix_only,see_evidence_map_if_coded_else_context_only,AUTHOR_SOURCE_REVIEW_REPORTED; INDEPENDENT_METADATA_CHECK_NOT_RECORDED,[107],MATCH_BY_AUTOMATED_NORMALIZED_TITLE,NO,NOT_ESTABLISHED_BY_CITATION_TRACE,NOT_CHECKED_FULL_TEXT
ext029,extended_context_appendix_only,see_evidence_map_if_coded_else_context_only,AUTHOR_SOURCE_REVIEW_REPORTED; INDEPENDENT_METADATA_CHECK_NOT_RECORDED,[108],MATCH_BY_AUTOMATED_NORMALIZED_TITLE,NO,NOT_ESTABLISHED_BY_CITATION_TRACE,NOT_CHECKED_FULL_TEXT
ext030,extended_context_appendix_only,see_evidence_map_if_coded_else_context_only,AUTHOR_SOURCE_REVIEW_REPORTED; INDEPENDENT_METADATA_CHECK_NOT_RECORDED,[109],MATCH_BY_AUTOMATED_NORMALIZED_TITLE,NO,NOT_ESTABLISHED_BY_CITATION_TRACE,NOT_CHECKED_FULL_TEXT
ext031,extended_context_appendix_only,see_evidence_map_if_coded_else_context_only,AUTHOR_SOURCE_REVIEW_REPORTED; INDEPENDENT_METADATA_CHECK_NOT_RECORDED,[110],MATCH_BY_AUTOMATED_NORMALIZED_TITLE,NO,NOT_ESTABLISHED_BY_CITATION_TRACE,NOT_CHECKED_FULL_TEXT
ext032,extended_context_appendix_only,see_evidence_map_if_coded_else_context_only,AUTHOR_SOURCE_REVIEW_REPORTED; INDEPENDENT_METADATA_CHECK_NOT_RECORDED,[111],MATCH_BY_AUTOMATED_NORMALIZED_TITLE,NO,NOT_ESTABLISHED_BY_CITATION_TRACE,NOT_CHECKED_FULL_TEXT
ext033,extended_context_appendix_only,see_evidence_map_if_coded_else_context_only,AUTHOR_SOURCE_REVIEW_REPORTED; INDEPENDENT_METADATA_CHECK_NOT_RECORDED,[112],MATCH_BY_AUTOMATED_NORMALIZED_TITLE,NO,NOT_ESTABLISHED_BY_CITATION_TRACE,NOT_CHECKED_FULL_TEXT
ext034,extended_context_appendix_only,see_evidence_map_if_coded_else_context_only,AUTHOR_SOURCE_REVIEW_REPORTED; INDEPENDENT_METADATA_CHECK_NOT_RECORDED,[113],MATCH_BY_AUTOMATED_NORMALIZED_TITLE,NO,NOT_ESTABLISHED_BY_CITATION_TRACE,NOT_CHECKED_FULL_TEXT
ext035,extended_context_appendix_only,see_evidence_map_if_coded_else_context_only,AUTHOR_SOURCE_REVIEW_REPORTED; INDEPENDENT_METADATA_CHECK_NOT_RECORDED,[114],MATCH_BY_AUTOMATED_NORMALIZED_TITLE,NO,NOT_ESTABLISHED_BY_CITATION_TRACE,NOT_CHECKED_FULL_TEXT
ext039,main_body_or_existing_appendix,see_evidence_map_if_coded_else_context_only,AUTHOR_SOURCE_REVIEW_REPORTED; INDEPENDENT_METADATA_CHECK_NOT_RECORDED,[52],MATCH_BY_AUTOMATED_NORMALIZED_TITLE,NO,NOT_ESTABLISHED_BY_CITATION_TRACE,NOT_CHECKED_FULL_TEXT
ext040,main_body_or_existing_appendix,see_evidence_map_if_coded_else_context_only,AUTHOR_SOURCE_REVIEW_REPORTED; INDEPENDENT_METADATA_CHECK_NOT_RECORDED,[53],MATCH_BY_AUTOMATED_NORMALIZED_TITLE,NO,NOT_ESTABLISHED_BY_CITATION_TRACE,NOT_CHECKED_FULL_TEXT
ext041,main_body_or_existing_appendix,see_evidence_map_if_coded_else_context_only,AUTHOR_SOURCE_REVIEW_REPORTED; INDEPENDENT_METADATA_CHECK_NOT_RECORDED,[54],MATCH_BY_AUTOMATED_NORMALIZED_TITLE,NO,NOT_ESTABLISHED_BY_CITATION_TRACE,NOT_CHECKED_FULL_TEXT
ext042,main_body_or_existing_appendix,see_evidence_map_if_coded_else_context_only,AUTHOR_SOURCE_REVIEW_REPORTED; INDEPENDENT_METADATA_CHECK_NOT_RECORDED,[55],MATCH_BY_AUTOMATED_NORMALIZED_TITLE,NO,NOT_ESTABLISHED_BY_CITATION_TRACE,NOT_CHECKED_FULL_TEXT
ext043,extended_context_appendix_only,see_evidence_map_if_coded_else_context_only,AUTHOR_SOURCE_REVIEW_REPORTED; INDEPENDENT_METADATA_CHECK_NOT_RECORDED,[122],MATCH_BY_AUTOMATED_NORMALIZED_TITLE,NO,NOT_ESTABLISHED_BY_CITATION_TRACE,NOT_CHECKED_FULL_TEXT
ext044,extended_context_appendix_only,see_evidence_map_if_coded_else_context_only,AUTHOR_SOURCE_REVIEW_REPORTED; INDEPENDENT_METADATA_CHECK_NOT_RECORDED,[123],MATCH_BY_AUTOMATED_NORMALIZED_TITLE,NO,NOT_ESTABLISHED_BY_CITATION_TRACE,NOT_CHECKED_FULL_TEXT
ext045,extended_context_appendix_only,see_evidence_map_if_coded_else_context_only,AUTHOR_SOURCE_REVIEW_REPORTED; INDEPENDENT_METADATA_CHECK_NOT_RECORDED,[124],MATCH_BY_AUTOMATED_NORMALIZED_TITLE,NO,NOT_ESTABLISHED_BY_CITATION_TRACE,NOT_CHECKED_FULL_TEXT
ext046,extended_context_appendix_only,see_evidence_map_if_coded_else_context_only,AUTHOR_SOURCE_REVIEW_REPORTED; INDEPENDENT_METADATA_CHECK_NOT_RECORDED,[125],MATCH_BY_AUTOMATED_NORMALIZED_TITLE,NO,NOT_ESTABLISHED_BY_CITATION_TRACE,NOT_CHECKED_FULL_TEXT
ext047,main_body_or_existing_appendix,see_evidence_map_if_coded_else_context_only,AUTHOR_SOURCE_REVIEW_REPORTED; INDEPENDENT_METADATA_CHECK_NOT_RECORDED,[56],MATCH_BY_AUTOMATED_NORMALIZED_TITLE,NO,NOT_ESTABLISHED_BY_CITATION_TRACE,NOT_CHECKED_FULL_TEXT
ext049,extended_context_appendix_only,see_evidence_map_if_coded_else_context_only,AUTHOR_SOURCE_REVIEW_REPORTED; INDEPENDENT_METADATA_CHECK_NOT_RECORDED,[126],MATCH_BY_AUTOMATED_NORMALIZED_TITLE,NO,NOT_ESTABLISHED_BY_CITATION_TRACE,NOT_CHECKED_FULL_TEXT
ext050,extended_context_appendix_only,see_evidence_map_if_coded_else_context_only,AUTHOR_SOURCE_REVIEW_REPORTED; INDEPENDENT_METADATA_CHECK_NOT_RECORDED,[127],MATCH_BY_AUTOMATED_NORMALIZED_TITLE,NO,NOT_ESTABLISHED_BY_CITATION_TRACE,NOT_CHECKED_FULL_TEXT
ext051,main_body_or_existing_appendix,see_evidence_map_if_coded_else_context_only,AUTHOR_SOURCE_REVIEW_REPORTED; INDEPENDENT_METADATA_CHECK_NOT_RECORDED,[57],MATCH_BY_AUTOMATED_NORMALIZED_TITLE,NO,NOT_ESTABLISHED_BY_CITATION_TRACE,NOT_CHECKED_FULL_TEXT
ext052,main_body_or_existing_appendix,see_evidence_map_if_coded_else_context_only,AUTHOR_SOURCE_REVIEW_REPORTED; INDEPENDENT_METADATA_CHECK_NOT_RECORDED,[58],MATCH_BY_AUTOMATED_NORMALIZED_TITLE,NO,NOT_ESTABLISHED_BY_CITATION_TRACE,NOT_CHECKED_FULL_TEXT
ext053,extended_context_appendix_only,see_evidence_map_if_coded_else_context_only,AUTHOR_SOURCE_REVIEW_REPORTED; INDEPENDENT_METADATA_CHECK_NOT_RECORDED,[128],MATCH_BY_AUTOMATED_NORMALIZED_TITLE,NO,NOT_ESTABLISHED_BY_CITATION_TRACE,NOT_CHECKED_FULL_TEXT
ext054,extended_context_appendix_only,see_evidence_map_if_coded_else_context_only,AUTHOR_SOURCE_REVIEW_REPORTED; INDEPENDENT_METADATA_CHECK_NOT_RECORDED,[129],MATCH_BY_AUTOMATED_NORMALIZED_TITLE,NO,NOT_ESTABLISHED_BY_CITATION_TRACE,NOT_CHECKED_FULL_TEXT
ext055,extended_context_appendix_only,see_evidence_map_if_coded_else_context_only,AUTHOR_SOURCE_REVIEW_REPORTED; INDEPENDENT_METADATA_CHECK_NOT_RECORDED,[130],MATCH_BY_AUTOMATED_NORMALIZED_TITLE,NO,NOT_ESTABLISHED_BY_CITATION_TRACE,NOT_CHECKED_FULL_TEXT
ext056,main_body_or_existing_appendix,see_evidence_map_if_coded_else_context_only,AUTHOR_SOURCE_REVIEW_REPORTED; INDEPENDENT_METADATA_CHECK_NOT_RECORDED,[59],MATCH_BY_AUTOMATED_NORMALIZED_TITLE,NO,NOT_ESTABLISHED_BY_CITATION_TRACE,NOT_CHECKED_FULL_TEXT
ext057,main_body_or_existing_appendix,see_evidence_map_if_coded_else_context_only,AUTHOR_SOURCE_REVIEW_REPORTED; INDEPENDENT_METADATA_CHECK_NOT_RECORDED,[60],MATCH_BY_AUTOMATED_NORMALIZED_TITLE,NO,NOT_ESTABLISHED_BY_CITATION_TRACE,NOT_CHECKED_FULL_TEXT
ext058,main_body_or_existing_appendix,see_evidence_map_if_coded_else_context_only,AUTHOR_SOURCE_REVIEW_REPORTED; INDEPENDENT_METADATA_CHECK_NOT_RECORDED,[61],MATCH_BY_AUTOMATED_NORMALIZED_TITLE,NO,NOT_ESTABLISHED_BY_CITATION_TRACE,NOT_CHECKED_FULL_TEXT
ext059,main_body_or_existing_appendix,see_evidence_map_if_coded_else_context_only,AUTHOR_SOURCE_REVIEW_REPORTED; INDEPENDENT_METADATA_CHECK_NOT_RECORDED,[62],MATCH_BY_AUTOMATED_NORMALIZED_TITLE,NO,NOT_ESTABLISHED_BY_CITATION_TRACE,NOT_CHECKED_FULL_TEXT
ext060,main_body_or_existing_appendix,see_evidence_map_if_coded_else_context_only,AUTHOR_SOURCE_REVIEW_REPORTED; INDEPENDENT_METADATA_CHECK_NOT_RECORDED,[63],MATCH_BY_AUTOMATED_NORMALIZED_TITLE,NO,NOT_ESTABLISHED_BY_CITATION_TRACE,NOT_CHECKED_FULL_TEXT
ext061,extended_context_appendix_only,see_evidence_map_if_coded_else_context_only,AUTHOR_SOURCE_REVIEW_REPORTED; INDEPENDENT_METADATA_CHECK_NOT_RECORDED,[131],MATCH_BY_AUTOMATED_NORMALIZED_TITLE,NO,NOT_ESTABLISHED_BY_CITATION_TRACE,NOT_CHECKED_FULL_TEXT
ext062,extended_context_appendix_only,see_evidence_map_if_coded_else_context_only,AUTHOR_SOURCE_REVIEW_REPORTED; INDEPENDENT_METADATA_CHECK_NOT_RECORDED,[132],MATCH_BY_AUTOMATED_NORMALIZED_TITLE,NO,NOT_ESTABLISHED_BY_CITATION_TRACE,NOT_CHECKED_FULL_TEXT
ext063,extended_context_appendix_only,see_evidence_map_if_coded_else_context_only,AUTHOR_SOURCE_REVIEW_REPORTED; INDEPENDENT_METADATA_CHECK_NOT_RECORDED,[133],MATCH_BY_AUTOMATED_NORMALIZED_TITLE,NO,NOT_ESTABLISHED_BY_CITATION_TRACE,NOT_CHECKED_FULL_TEXT
ext064,extended_context_appendix_only,see_evidence_map_if_coded_else_context_only,AUTHOR_SOURCE_REVIEW_REPORTED; INDEPENDENT_METADATA_CHECK_NOT_RECORDED,[134],MATCH_BY_AUTOMATED_NORMALIZED_TITLE,NO,NOT_ESTABLISHED_BY_CITATION_TRACE,NOT_CHECKED_FULL_TEXT
ext065,extended_context_appendix_only,see_evidence_map_if_coded_else_context_only,AUTHOR_SOURCE_REVIEW_REPORTED; INDEPENDENT_METADATA_CHECK_NOT_RECORDED,[135],MATCH_BY_AUTOMATED_NORMALIZED_TITLE,NO,NOT_ESTABLISHED_BY_CITATION_TRACE,NOT_CHECKED_FULL_TEXT
ext066,extended_context_appendix_only,see_evidence_map_if_coded_else_context_only,AUTHOR_SOURCE_REVIEW_REPORTED; INDEPENDENT_METADATA_CHECK_NOT_RECORDED,[136],MATCH_BY_AUTOMATED_NORMALIZED_TITLE,NO,NOT_ESTABLISHED_BY_CITATION_TRACE,NOT_CHECKED_FULL_TEXT
ext067,extended_context_appendix_only,see_evidence_map_if_coded_else_context_only,AUTHOR_SOURCE_REVIEW_REPORTED; INDEPENDENT_METADATA_CHECK_NOT_RECORDED,[137],MATCH_BY_AUTOMATED_NORMALIZED_TITLE,NO,NOT_ESTABLISHED_BY_CITATION_TRACE,NOT_CHECKED_FULL_TEXT
ext068,extended_context_appendix_only,see_evidence_map_if_coded_else_context_only,AUTHOR_SOURCE_REVIEW_REPORTED; INDEPENDENT_METADATA_CHECK_NOT_RECORDED,[138],MATCH_BY_AUTOMATED_NORMALIZED_TITLE,NO,NOT_ESTABLISHED_BY_CITATION_TRACE,NOT_CHECKED_FULL_TEXT
ext069,extended_context_appendix_only,see_evidence_map_if_coded_else_context_only,AUTHOR_SOURCE_REVIEW_REPORTED; INDEPENDENT_METADATA_CHECK_NOT_RECORDED,[139],MATCH_BY_AUTOMATED_NORMALIZED_TITLE,NO,NOT_ESTABLISHED_BY_CITATION_TRACE,NOT_CHECKED_FULL_TEXT
ext070,extended_context_appendix_only,see_evidence_map_if_coded_else_context_only,AUTHOR_SOURCE_REVIEW_REPORTED; INDEPENDENT_METADATA_CHECK_NOT_RECORDED,[140],MATCH_BY_AUTOMATED_NORMALIZED_TITLE,NO,NOT_ESTABLISHED_BY_CITATION_TRACE,NOT_CHECKED_FULL_TEXT
ext071,extended_context_appendix_only,see_evidence_map_if_coded_else_context_only,AUTHOR_SOURCE_REVIEW_REPORTED; INDEPENDENT_METADATA_CHECK_NOT_RECORDED,[141],MATCH_BY_AUTOMATED_NORMALIZED_TITLE,NO,NOT_ESTABLISHED_BY_CITATION_TRACE,NOT_CHECKED_FULL_TEXT
ext072,extended_context_appendix_only,see_evidence_map_if_coded_else_context_only,AUTHOR_SOURCE_REVIEW_REPORTED; INDEPENDENT_METADATA_CHECK_NOT_RECORDED,[142],MATCH_BY_AUTOMATED_NORMALIZED_TITLE,NO,NOT_ESTABLISHED_BY_CITATION_TRACE,NOT_CHECKED_FULL_TEXT
ext073,extended_context_appendix_only,see_evidence_map_if_coded_else_context_only,AUTHOR_SOURCE_REVIEW_REPORTED; INDEPENDENT_METADATA_CHECK_NOT_RECORDED,[143],MATCH_BY_AUTOMATED_NORMALIZED_TITLE,NO,NOT_ESTABLISHED_BY_CITATION_TRACE,NOT_CHECKED_FULL_TEXT
ext074,extended_context_appendix_only,see_evidence_map_if_coded_else_context_only,AUTHOR_SOURCE_REVIEW_REPORTED; INDEPENDENT_METADATA_CHECK_NOT_RECORDED,[144],MATCH_BY_AUTOMATED_NORMALIZED_TITLE,NO,NOT_ESTABLISHED_BY_CITATION_TRACE,NOT_CHECKED_FULL_TEXT
ext075,extended_context_appendix_only,see_evidence_map_if_coded_else_context_only,AUTHOR_SOURCE_REVIEW_REPORTED; INDEPENDENT_METADATA_CHECK_NOT_RECORDED,[145],MATCH_BY_AUTOMATED_NORMALIZED_TITLE,NO,NOT_ESTABLISHED_BY_CITATION_TRACE,NOT_CHECKED_FULL_TEXT
ext076,extended_context_appendix_only,see_evidence_map_if_coded_else_context_only,AUTHOR_SOURCE_REVIEW_REPORTED; INDEPENDENT_METADATA_CHECK_NOT_RECORDED,[146],MATCH_BY_AUTOMATED_NORMALIZED_TITLE,NO,NOT_ESTABLISHED_BY_CITATION_TRACE,NOT_CHECKED_FULL_TEXT
ext077,extended_context_appendix_only,see_evidence_map_if_coded_else_context_only,AUTHOR_SOURCE_REVIEW_REPORTED; INDEPENDENT_METADATA_CHECK_NOT_RECORDED,[147],MATCH_BY_AUTOMATED_NORMALIZED_TITLE,NO,NOT_ESTABLISHED_BY_CITATION_TRACE,NOT_CHECKED_FULL_TEXT
ext078,extended_context_appendix_only,see_evidence_map_if_coded_else_context_only,AUTHOR_SOURCE_REVIEW_REPORTED; INDEPENDENT_METADATA_CHECK_NOT_RECORDED,[148],MATCH_BY_AUTOMATED_NORMALIZED_TITLE,NO,NOT_ESTABLISHED_BY_CITATION_TRACE,NOT_CHECKED_FULL_TEXT
ext079,extended_context_appendix_only,see_evidence_map_if_coded_else_context_only,AUTHOR_SOURCE_REVIEW_REPORTED; INDEPENDENT_METADATA_CHECK_NOT_RECORDED,[149],MATCH_BY_AUTOMATED_NORMALIZED_TITLE,NO,NOT_ESTABLISHED_BY_CITATION_TRACE,NOT_CHECKED_FULL_TEXT
ext080,extended_context_appendix_only,see_evidence_map_if_coded_else_context_only,AUTHOR_SOURCE_REVIEW_REPORTED; INDEPENDENT_METADATA_CHECK_NOT_RECORDED,[150],MATCH_BY_AUTOMATED_NORMALIZED_TITLE,NO,NOT_ESTABLISHED_BY_CITATION_TRACE,NOT_CHECKED_FULL_TEXT
ext081,extended_context_appendix_only,see_evidence_map_if_coded_else_context_only,AUTHOR_SOURCE_REVIEW_REPORTED; INDEPENDENT_METADATA_CHECK_NOT_RECORDED,[151],MATCH_BY_AUTOMATED_NORMALIZED_TITLE,NO,NOT_ESTABLISHED_BY_CITATION_TRACE,NOT_CHECKED_FULL_TEXT
ext082,extended_context_appendix_only,see_evidence_map_if_coded_else_context_only,AUTHOR_SOURCE_REVIEW_REPORTED; INDEPENDENT_METADATA_CHECK_NOT_RECORDED,[152],MATCH_BY_AUTOMATED_NORMALIZED_TITLE,NO,NOT_ESTABLISHED_BY_CITATION_TRACE,NOT_CHECKED_FULL_TEXT
ext083,extended_context_appendix_only,see_evidence_map_if_coded_else_context_only,AUTHOR_SOURCE_REVIEW_REPORTED; INDEPENDENT_METADATA_CHECK_NOT_RECORDED,[153],MATCH_BY_AUTOMATED_NORMALIZED_TITLE,NO,NOT_ESTABLISHED_BY_CITATION_TRACE,NOT_CHECKED_FULL_TEXT
ext084,extended_context_appendix_only,see_evidence_map_if_coded_else_context_only,AUTHOR_SOURCE_REVIEW_REPORTED; INDEPENDENT_METADATA_CHECK_NOT_RECORDED,[154],MATCH_BY_AUTOMATED_NORMALIZED_TITLE,NO,NOT_ESTABLISHED_BY_CITATION_TRACE,NOT_CHECKED_FULL_TEXT
ext085,extended_context_appendix_only,see_evidence_map_if_coded_else_context_only,AUTHOR_SOURCE_REVIEW_REPORTED; INDEPENDENT_METADATA_CHECK_NOT_RECORDED,[155],MATCH_BY_AUTOMATED_NORMALIZED_TITLE,NO,NOT_ESTABLISHED_BY_CITATION_TRACE,NOT_CHECKED_FULL_TEXT
ext086,extended_context_appendix_only,see_evidence_map_if_coded_else_context_only,AUTHOR_SOURCE_REVIEW_REPORTED; INDEPENDENT_METADATA_CHECK_NOT_RECORDED,[156],MATCH_BY_AUTOMATED_NORMALIZED_TITLE,NO,NOT_ESTABLISHED_BY_CITATION_TRACE,NOT_CHECKED_FULL_TEXT
ext087,extended_context_appendix_only,see_evidence_map_if_coded_else_context_only,AUTHOR_SOURCE_REVIEW_REPORTED; INDEPENDENT_METADATA_CHECK_NOT_RECORDED,[157],MATCH_BY_AUTOMATED_NORMALIZED_TITLE,NO,NOT_ESTABLISHED_BY_CITATION_TRACE,NOT_CHECKED_FULL_TEXT
ext088,extended_context_appendix_only,see_evidence_map_if_coded_else_context_only,AUTHOR_SOURCE_REVIEW_REPORTED; INDEPENDENT_METADATA_CHECK_NOT_RECORDED,[158],MATCH_BY_AUTOMATED_NORMALIZED_TITLE,NO,NOT_ESTABLISHED_BY_CITATION_TRACE,NOT_CHECKED_FULL_TEXT
ext089,extended_context_appendix_only,see_evidence_map_if_coded_else_context_only,AUTHOR_SOURCE_REVIEW_REPORTED; INDEPENDENT_METADATA_CHECK_NOT_RECORDED,[159],MATCH_BY_AUTOMATED_NORMALIZED_TITLE,NO,NOT_ESTABLISHED_BY_CITATION_TRACE,NOT_CHECKED_FULL_TEXT
ext090,extended_context_appendix_only,see_evidence_map_if_coded_else_context_only,AUTHOR_SOURCE_REVIEW_REPORTED; INDEPENDENT_METADATA_CHECK_NOT_RECORDED,[160],MATCH_BY_AUTOMATED_NORMALIZED_TITLE,NO,NOT_ESTABLISHED_BY_CITATION_TRACE,NOT_CHECKED_FULL_TEXT
ext091,extended_context_appendix_only,see_evidence_map_if_coded_else_context_only,AUTHOR_SOURCE_REVIEW_REPORTED; INDEPENDENT_METADATA_CHECK_NOT_RECORDED,[161],MATCH_BY_AUTOMATED_NORMALIZED_TITLE,NO,NOT_ESTABLISHED_BY_CITATION_TRACE,NOT_CHECKED_FULL_TEXT
ext092,extended_context_appendix_only,see_evidence_map_if_coded_else_context_only,AUTHOR_SOURCE_REVIEW_REPORTED; INDEPENDENT_METADATA_CHECK_NOT_RECORDED,[162],MATCH_BY_AUTOMATED_NORMALIZED_TITLE,NO,NOT_ESTABLISHED_BY_CITATION_TRACE,NOT_CHECKED_FULL_TEXT
ext093,extended_context_appendix_only,see_evidence_map_if_coded_else_context_only,AUTHOR_SOURCE_REVIEW_REPORTED; INDEPENDENT_METADATA_CHECK_NOT_RECORDED,[163],MATCH_BY_AUTOMATED_NORMALIZED_TITLE,NO,NOT_ESTABLISHED_BY_CITATION_TRACE,NOT_CHECKED_FULL_TEXT
ext094,extended_context_appendix_only,see_evidence_map_if_coded_else_context_only,AUTHOR_SOURCE_REVIEW_REPORTED; INDEPENDENT_METADATA_CHECK_NOT_RECORDED,[164],MATCH_BY_AUTOMATED_NORMALIZED_TITLE,NO,NOT_ESTABLISHED_BY_CITATION_TRACE,NOT_CHECKED_FULL_TEXT
ext095,extended_context_appendix_only,see_evidence_map_if_coded_else_context_only,AUTHOR_SOURCE_REVIEW_REPORTED; INDEPENDENT_METADATA_CHECK_NOT_RECORDED,[165],MATCH_BY_AUTOMATED_NORMALIZED_TITLE,NO,NOT_ESTABLISHED_BY_CITATION_TRACE,NOT_CHECKED_FULL_TEXT
ext096,extended_context_appendix_only,see_evidence_map_if_coded_else_context_only,AUTHOR_SOURCE_REVIEW_REPORTED; INDEPENDENT_METADATA_CHECK_NOT_RECORDED,[166],MATCH_BY_AUTOMATED_NORMALIZED_TITLE,NO,NOT_ESTABLISHED_BY_CITATION_TRACE,NOT_CHECKED_FULL_TEXT
ext097,extended_context_appendix_only,see_evidence_map_if_coded_else_context_only,AUTHOR_SOURCE_REVIEW_REPORTED; INDEPENDENT_METADATA_CHECK_NOT_RECORDED,[167],MATCH_BY_AUTOMATED_NORMALIZED_TITLE,NO,NOT_ESTABLISHED_BY_CITATION_TRACE,NOT_CHECKED_FULL_TEXT
ext098,extended_context_appendix_only,see_evidence_map_if_coded_else_context_only,AUTHOR_SOURCE_REVIEW_REPORTED; INDEPENDENT_METADATA_CHECK_NOT_RECORDED,[168],MATCH_BY_AUTOMATED_NORMALIZED_TITLE,NO,NOT_ESTABLISHED_BY_CITATION_TRACE,NOT_CHECKED_FULL_TEXT
ext099,extended_context_appendix_only,see_evidence_map_if_coded_else_context_only,AUTHOR_SOURCE_REVIEW_REPORTED; INDEPENDENT_METADATA_CHECK_NOT_RECORDED,[169],MATCH_BY_AUTOMATED_NORMALIZED_TITLE,NO,NOT_ESTABLISHED_BY_CITATION_TRACE,NOT_CHECKED_FULL_TEXT
ext100,extended_context_appendix_only,see_evidence_map_if_coded_else_context_only,AUTHOR_SOURCE_REVIEW_REPORTED; INDEPENDENT_METADATA_CHECK_NOT_RECORDED,[170],MATCH_BY_AUTOMATED_NORMALIZED_TITLE,NO,NOT_ESTABLISHED_BY_CITATION_TRACE,NOT_CHECKED_FULL_TEXT
ext101,extended_context_appendix_only,see_evidence_map_if_coded_else_context_only,AUTHOR_SOURCE_REVIEW_REPORTED; INDEPENDENT_METADATA_CHECK_NOT_RECORDED,[171],MATCH_BY_AUTOMATED_NORMALIZED_TITLE,NO,NOT_ESTABLISHED_BY_CITATION_TRACE,NOT_CHECKED_FULL_TEXT
ext102,extended_context_appendix_only,see_evidence_map_if_coded_else_context_only,AUTHOR_SOURCE_REVIEW_REPORTED; INDEPENDENT_METADATA_CHECK_NOT_RECORDED,[172],MATCH_BY_AUTOMATED_NORMALIZED_TITLE,NO,NOT_ESTABLISHED_BY_CITATION_TRACE,NOT_CHECKED_FULL_TEXT
ext103,extended_context_appendix_only,see_evidence_map_if_coded_else_context_only,AUTHOR_SOURCE_REVIEW_REPORTED; INDEPENDENT_METADATA_CHECK_NOT_RECORDED,[173],MATCH_BY_AUTOMATED_NORMALIZED_TITLE,NO,NOT_ESTABLISHED_BY_CITATION_TRACE,NOT_CHECKED_FULL_TEXT
ext104,extended_context_appendix_only,see_evidence_map_if_coded_else_context_only,AUTHOR_SOURCE_REVIEW_REPORTED; INDEPENDENT_METADATA_CHECK_NOT_RECORDED,[174],MATCH_BY_AUTOMATED_NORMALIZED_TITLE,NO,NOT_ESTABLISHED_BY_CITATION_TRACE,NOT_CHECKED_FULL_TEXT
ext105,extended_context_appendix_only,see_evidence_map_if_coded_else_context_only,AUTHOR_SOURCE_REVIEW_REPORTED; INDEPENDENT_METADATA_CHECK_NOT_RECORDED,[175],MATCH_BY_AUTOMATED_NORMALIZED_TITLE,NO,NOT_ESTABLISHED_BY_CITATION_TRACE,NOT_CHECKED_FULL_TEXT
ext106,extended_context_appendix_only,see_evidence_map_if_coded_else_context_only,AUTHOR_SOURCE_REVIEW_REPORTED; INDEPENDENT_METADATA_CHECK_NOT_RECORDED,[176],MATCH_BY_AUTOMATED_NORMALIZED_TITLE,NO,NOT_ESTABLISHED_BY_CITATION_TRACE,NOT_CHECKED_FULL_TEXT
ext107,extended_context_appendix_only,see_evidence_map_if_coded_else_context_only,AUTHOR_SOURCE_REVIEW_REPORTED; INDEPENDENT_METADATA_CHECK_NOT_RECORDED,[177],MATCH_BY_AUTOMATED_NORMALIZED_TITLE,NO,NOT_ESTABLISHED_BY_CITATION_TRACE,NOT_CHECKED_FULL_TEXT
ext108,extended_context_appendix_only,see_evidence_map_if_coded_else_context_only,AUTHOR_SOURCE_REVIEW_REPORTED; INDEPENDENT_METADATA_CHECK_NOT_RECORDED,[178],MATCH_BY_AUTOMATED_NORMALIZED_TITLE,NO,NOT_ESTABLISHED_BY_CITATION_TRACE,NOT_CHECKED_FULL_TEXT
ext109,extended_context_appendix_only,see_evidence_map_if_coded_else_context_only,AUTHOR_SOURCE_REVIEW_REPORTED; INDEPENDENT_METADATA_CHECK_NOT_RECORDED,[179],MATCH_BY_AUTOMATED_NORMALIZED_TITLE,NO,NOT_ESTABLISHED_BY_CITATION_TRACE,NOT_CHECKED_FULL_TEXT
ext110,extended_context_appendix_only,see_evidence_map_if_coded_else_context_only,AUTHOR_SOURCE_REVIEW_REPORTED; INDEPENDENT_METADATA_CHECK_NOT_RECORDED,[180],MATCH_BY_AUTOMATED_NORMALIZED_TITLE,NO,NOT_ESTABLISHED_BY_CITATION_TRACE,NOT_CHECKED_FULL_TEXT
ext111,extended_context_appendix_only,see_evidence_map_if_coded_else_context_only,AUTHOR_SOURCE_REVIEW_REPORTED; INDEPENDENT_METADATA_CHECK_NOT_RECORDED,[181],MATCH_BY_AUTOMATED_NORMALIZED_TITLE,NO,NOT_ESTABLISHED_BY_CITATION_TRACE,NOT_CHECKED_FULL_TEXT
ext112,extended_context_appendix_only,see_evidence_map_if_coded_else_context_only,AUTHOR_SOURCE_REVIEW_REPORTED; INDEPENDENT_METADATA_CHECK_NOT_RECORDED,[182],MATCH_BY_AUTOMATED_NORMALIZED_TITLE,NO,NOT_ESTABLISHED_BY_CITATION_TRACE,NOT_CHECKED_FULL_TEXT
ext113,extended_context_appendix_only,see_evidence_map_if_coded_else_context_only,AUTHOR_SOURCE_REVIEW_REPORTED; INDEPENDENT_METADATA_CHECK_NOT_RECORDED,[183],MATCH_BY_AUTOMATED_NORMALIZED_TITLE,NO,NOT_ESTABLISHED_BY_CITATION_TRACE,NOT_CHECKED_FULL_TEXT
ext114,extended_context_appendix_only,see_evidence_map_if_coded_else_context_only,AUTHOR_SOURCE_REVIEW_REPORTED; INDEPENDENT_METADATA_CHECK_NOT_RECORDED,[184],MATCH_BY_AUTOMATED_NORMALIZED_TITLE,NO,NOT_ESTABLISHED_BY_CITATION_TRACE,NOT_CHECKED_FULL_TEXT
ext115,extended_context_appendix_only,see_evidence_map_if_coded_else_context_only,AUTHOR_SOURCE_REVIEW_REPORTED; INDEPENDENT_METADATA_CHECK_NOT_RECORDED,[185],MATCH_BY_AUTOMATED_NORMALIZED_TITLE,NO,NOT_ESTABLISHED_BY_CITATION_TRACE,NOT_CHECKED_FULL_TEXT
ext116,extended_context_appendix_only,see_evidence_map_if_coded_else_context_only,AUTHOR_SOURCE_REVIEW_REPORTED; INDEPENDENT_METADATA_CHECK_NOT_RECORDED,[186],MATCH_BY_AUTOMATED_NORMALIZED_TITLE,NO,NOT_ESTABLISHED_BY_CITATION_TRACE,NOT_CHECKED_FULL_TEXT
ext117,extended_context_appendix_only,see_evidence_map_if_coded_else_context_only,AUTHOR_SOURCE_REVIEW_REPORTED; INDEPENDENT_METADATA_CHECK_NOT_RECORDED,[187],MATCH_BY_AUTOMATED_NORMALIZED_TITLE,NO,NOT_ESTABLISHED_BY_CITATION_TRACE,NOT_CHECKED_FULL_TEXT
ext118,extended_context_appendix_only,see_evidence_map_if_coded_else_context_only,AUTHOR_SOURCE_REVIEW_REPORTED; INDEPENDENT_METADATA_CHECK_NOT_RECORDED,[188],MATCH_BY_AUTOMATED_NORMALIZED_TITLE,NO,NOT_ESTABLISHED_BY_CITATION_TRACE,NOT_CHECKED_FULL_TEXT
ext119,extended_context_appendix_only,see_evidence_map_if_coded_else_context_only,AUTHOR_SOURCE_REVIEW_REPORTED; INDEPENDENT_METADATA_CHECK_NOT_RECORDED,[189],MATCH_BY_AUTOMATED_NORMALIZED_TITLE,NO,NOT_ESTABLISHED_BY_CITATION_TRACE,NOT_CHECKED_FULL_TEXT
ext120,extended_context_appendix_only,see_evidence_map_if_coded_else_context_only,AUTHOR_SOURCE_REVIEW_REPORTED; INDEPENDENT_METADATA_CHECK_NOT_RECORDED,[190],MATCH_BY_AUTOMATED_NORMALIZED_TITLE,NO,NOT_ESTABLISHED_BY_CITATION_TRACE,NOT_CHECKED_FULL_TEXT
ext121,extended_context_appendix_only,see_evidence_map_if_coded_else_context_only,AUTHOR_SOURCE_REVIEW_REPORTED; INDEPENDENT_METADATA_CHECK_NOT_RECORDED,[191],MATCH_BY_AUTOMATED_NORMALIZED_TITLE,NO,NOT_ESTABLISHED_BY_CITATION_TRACE,NOT_CHECKED_FULL_TEXT
ext122,extended_context_appendix_only,see_evidence_map_if_coded_else_context_only,AUTHOR_SOURCE_REVIEW_REPORTED; INDEPENDENT_METADATA_CHECK_NOT_RECORDED,[192],MATCH_BY_AUTOMATED_NORMALIZED_TITLE,NO,NOT_ESTABLISHED_BY_CITATION_TRACE,NOT_CHECKED_FULL_TEXT
ext123,extended_context_appendix_only,see_evidence_map_if_coded_else_context_only,AUTHOR_SOURCE_REVIEW_REPORTED; INDEPENDENT_METADATA_CHECK_NOT_RECORDED,[193],MATCH_BY_AUTOMATED_NORMALIZED_TITLE,NO,NOT_ESTABLISHED_BY_CITATION_TRACE,NOT_CHECKED_FULL_TEXT
ext124,extended_context_appendix_only,see_evidence_map_if_coded_else_context_only,AUTHOR_SOURCE_REVIEW_REPORTED; INDEPENDENT_METADATA_CHECK_NOT_RECORDED,[194],MATCH_BY_AUTOMATED_NORMALIZED_TITLE,NO,NOT_ESTABLISHED_BY_CITATION_TRACE,NOT_CHECKED_FULL_TEXT
ext125,extended_context_appendix_only,see_evidence_map_if_coded_else_context_only,AUTHOR_SOURCE_REVIEW_REPORTED; INDEPENDENT_METADATA_CHECK_NOT_RECORDED,[195],MATCH_BY_AUTOMATED_NORMALIZED_TITLE,NO,NOT_ESTABLISHED_BY_CITATION_TRACE,NOT_CHECKED_FULL_TEXT
ext126,extended_context_appendix_only,see_evidence_map_if_coded_else_context_only,AUTHOR_SOURCE_REVIEW_REPORTED; INDEPENDENT_METADATA_CHECK_NOT_RECORDED,[196],MATCH_BY_AUTOMATED_NORMALIZED_TITLE,NO,NOT_ESTABLISHED_BY_CITATION_TRACE,NOT_CHECKED_FULL_TEXT
ext127,extended_context_appendix_only,see_evidence_map_if_coded_else_context_only,AUTHOR_SOURCE_REVIEW_REPORTED; INDEPENDENT_METADATA_CHECK_NOT_RECORDED,[197],MATCH_BY_AUTOMATED_NORMALIZED_TITLE,NO,NOT_ESTABLISHED_BY_CITATION_TRACE,NOT_CHECKED_FULL_TEXT
ext128,extended_context_appendix_only,see_evidence_map_if_coded_else_context_only,AUTHOR_SOURCE_REVIEW_REPORTED; INDEPENDENT_METADATA_CHECK_NOT_RECORDED,[198],MATCH_BY_AUTOMATED_NORMALIZED_TITLE,NO,NOT_ESTABLISHED_BY_CITATION_TRACE,NOT_CHECKED_FULL_TEXT
ext129,extended_context_appendix_only,see_evidence_map_if_coded_else_context_only,AUTHOR_SOURCE_REVIEW_REPORTED; INDEPENDENT_METADATA_CHECK_NOT_RECORDED,[199],MATCH_BY_AUTOMATED_NORMALIZED_TITLE,NO,NOT_ESTABLISHED_BY_CITATION_TRACE,NOT_CHECKED_FULL_TEXT
ext130,extended_context_appendix_only,see_evidence_map_if_coded_else_context_only,AUTHOR_SOURCE_REVIEW_REPORTED; INDEPENDENT_METADATA_CHECK_NOT_RECORDED,[200],MATCH_BY_AUTOMATED_NORMALIZED_TITLE,NO,NOT_ESTABLISHED_BY_CITATION_TRACE,NOT_CHECKED_FULL_TEXT
ext131,extended_context_appendix_only,see_evidence_map_if_coded_else_context_only,AUTHOR_SOURCE_REVIEW_REPORTED; INDEPENDENT_METADATA_CHECK_NOT_RECORDED,[201],MATCH_BY_AUTOMATED_NORMALIZED_TITLE,NO,NOT_ESTABLISHED_BY_CITATION_TRACE,NOT_CHECKED_FULL_TEXT
ext132,extended_context_appendix_only,see_evidence_map_if_coded_else_context_only,AUTHOR_SOURCE_REVIEW_REPORTED; INDEPENDENT_METADATA_CHECK_NOT_RECORDED,[202],MATCH_BY_AUTOMATED_NORMALIZED_TITLE,NO,NOT_ESTABLISHED_BY_CITATION_TRACE,NOT_CHECKED_FULL_TEXT
ext133,extended_context_appendix_only,see_evidence_map_if_coded_else_context_only,AUTHOR_SOURCE_REVIEW_REPORTED; INDEPENDENT_METADATA_CHECK_NOT_RECORDED,[203],MATCH_BY_AUTOMATED_NORMALIZED_TITLE,NO,NOT_ESTABLISHED_BY_CITATION_TRACE,NOT_CHECKED_FULL_TEXT
ext134,extended_context_appendix_only,see_evidence_map_if_coded_else_context_only,AUTHOR_SOURCE_REVIEW_REPORTED; INDEPENDENT_METADATA_CHECK_NOT_RECORDED,[204],MATCH_BY_AUTOMATED_NORMALIZED_TITLE,NO,NOT_ESTABLISHED_BY_CITATION_TRACE,NOT_CHECKED_FULL_TEXT
ext135,extended_context_appendix_only,see_evidence_map_if_coded_else_context_only,AUTHOR_SOURCE_REVIEW_REPORTED; INDEPENDENT_METADATA_CHECK_NOT_RECORDED,[205],MATCH_BY_AUTOMATED_NORMALIZED_TITLE,NO,NOT_ESTABLISHED_BY_CITATION_TRACE,NOT_CHECKED_FULL_TEXT
ext136,extended_context_appendix_only,see_evidence_map_if_coded_else_context_only,AUTHOR_SOURCE_REVIEW_REPORTED; INDEPENDENT_METADATA_CHECK_NOT_RECORDED,[206],MATCH_BY_AUTOMATED_NORMALIZED_TITLE,NO,NOT_ESTABLISHED_BY_CITATION_TRACE,NOT_CHECKED_FULL_TEXT
ext137,extended_context_appendix_only,see_evidence_map_if_coded_else_context_only,AUTHOR_SOURCE_REVIEW_REPORTED; INDEPENDENT_METADATA_CHECK_NOT_RECORDED,[207],MATCH_BY_AUTOMATED_NORMALIZED_TITLE,NO,NOT_ESTABLISHED_BY_CITATION_TRACE,NOT_CHECKED_FULL_TEXT
ext138,extended_context_appendix_only,see_evidence_map_if_coded_else_context_only,AUTHOR_SOURCE_REVIEW_REPORTED; INDEPENDENT_METADATA_CHECK_NOT_RECORDED,[208],MATCH_BY_AUTOMATED_NORMALIZED_TITLE,NO,NOT_ESTABLISHED_BY_CITATION_TRACE,NOT_CHECKED_FULL_TEXT
ext139,extended_context_appendix_only,see_evidence_map_if_coded_else_context_only,AUTHOR_SOURCE_REVIEW_REPORTED; INDEPENDENT_METADATA_CHECK_NOT_RECORDED,[209],MATCH_BY_AUTOMATED_NORMALIZED_TITLE,NO,NOT_ESTABLISHED_BY_CITATION_TRACE,NOT_CHECKED_FULL_TEXT
ext140,extended_context_appendix_only,see_evidence_map_if_coded_else_context_only,AUTHOR_SOURCE_REVIEW_REPORTED; INDEPENDENT_METADATA_CHECK_NOT_RECORDED,[210],MATCH_BY_AUTOMATED_NORMALIZED_TITLE,NO,NOT_ESTABLISHED_BY_CITATION_TRACE,NOT_CHECKED_FULL_TEXT
ext141,extended_context_appendix_only,see_evidence_map_if_coded_else_context_only,AUTHOR_SOURCE_REVIEW_REPORTED; INDEPENDENT_METADATA_CHECK_NOT_RECORDED,[211],MATCH_BY_AUTOMATED_NORMALIZED_TITLE,NO,NOT_ESTABLISHED_BY_CITATION_TRACE,NOT_CHECKED_FULL_TEXT
ext142,extended_context_appendix_only,see_evidence_map_if_coded_else_context_only,AUTHOR_SOURCE_REVIEW_REPORTED; INDEPENDENT_METADATA_CHECK_NOT_RECORDED,[212],MATCH_BY_AUTOMATED_NORMALIZED_TITLE,NO,NOT_ESTABLISHED_BY_CITATION_TRACE,NOT_CHECKED_FULL_TEXT
ext143,extended_context_appendix_only,see_evidence_map_if_coded_else_context_only,AUTHOR_SOURCE_REVIEW_REPORTED; INDEPENDENT_METADATA_CHECK_NOT_RECORDED,[213],MATCH_BY_AUTOMATED_NORMALIZED_TITLE,NO,NOT_ESTABLISHED_BY_CITATION_TRACE,NOT_CHECKED_FULL_TEXT
ext144,extended_context_appendix_only,see_evidence_map_if_coded_else_context_only,AUTHOR_SOURCE_REVIEW_REPORTED; INDEPENDENT_METADATA_CHECK_NOT_RECORDED,[214],MATCH_BY_AUTOMATED_NORMALIZED_TITLE,NO,NOT_ESTABLISHED_BY_CITATION_TRACE,NOT_CHECKED_FULL_TEXT
ext145,extended_context_appendix_only,see_evidence_map_if_coded_else_context_only,AUTHOR_SOURCE_REVIEW_REPORTED; INDEPENDENT_METADATA_CHECK_NOT_RECORDED,[215],MATCH_BY_AUTOMATED_NORMALIZED_TITLE,NO,NOT_ESTABLISHED_BY_CITATION_TRACE,NOT_CHECKED_FULL_TEXT
ext146,extended_context_appendix_only,see_evidence_map_if_coded_else_context_only,AUTHOR_SOURCE_REVIEW_REPORTED; INDEPENDENT_METADATA_CHECK_NOT_RECORDED,[115],MATCH_BY_AUTOMATED_NORMALIZED_TITLE,NO,NOT_ESTABLISHED_BY_CITATION_TRACE,NOT_CHECKED_FULL_TEXT
ext147,extended_context_appendix_only,see_evidence_map_if_coded_else_context_only,AUTHOR_SOURCE_REVIEW_REPORTED; INDEPENDENT_METADATA_CHECK_NOT_RECORDED,[116],MATCH_BY_AUTOMATED_NORMALIZED_TITLE,NO,NOT_ESTABLISHED_BY_CITATION_TRACE,NOT_CHECKED_FULL_TEXT
ext148,extended_context_appendix_only,see_evidence_map_if_coded_else_context_only,AUTHOR_SOURCE_REVIEW_REPORTED; INDEPENDENT_METADATA_CHECK_NOT_RECORDED,[117],MATCH_BY_AUTOMATED_NORMALIZED_TITLE,NO,NOT_ESTABLISHED_BY_CITATION_TRACE,NOT_CHECKED_FULL_TEXT
ext149,extended_context_appendix_only,see_evidence_map_if_coded_else_context_only,AUTHOR_SOURCE_REVIEW_REPORTED; INDEPENDENT_METADATA_CHECK_NOT_RECORDED,[118],MATCH_BY_AUTOMATED_NORMALIZED_TITLE,NO,NOT_ESTABLISHED_BY_CITATION_TRACE,NOT_CHECKED_FULL_TEXT
ext150,extended_context_appendix_only,see_evidence_map_if_coded_else_context_only,AUTHOR_SOURCE_REVIEW_REPORTED; INDEPENDENT_METADATA_CHECK_NOT_RECORDED,[119],MATCH_BY_AUTOMATED_NORMALIZED_TITLE,NO,NOT_ESTABLISHED_BY_CITATION_TRACE,NOT_CHECKED_FULL_TEXT
ext151,extended_context_appendix_only,see_evidence_map_if_coded_else_context_only,AUTHOR_SOURCE_REVIEW_REPORTED; INDEPENDENT_METADATA_CHECK_NOT_RECORDED,[120],MATCH_BY_AUTOMATED_NORMALIZED_TITLE,NO,NOT_ESTABLISHED_BY_CITATION_TRACE,NOT_CHECKED_FULL_TEXT
ext152,extended_context_appendix_only,see_evidence_map_if_coded_else_context_only,AUTHOR_SOURCE_REVIEW_REPORTED; INDEPENDENT_METADATA_CHECK_NOT_RECORDED,[121],MATCH_BY_AUTOMATED_NORMALIZED_TITLE,NO,NOT_ESTABLISHED_BY_CITATION_TRACE,NOT_CHECKED_FULL_TEXT
