bib_key,title,author,year,venue,bib_type,manuscript_reference_number,uploaded_pdf_bibliography_title_match,original_publication_metadata_verification,publication_url_or_doi,original_source_review_notes,independent_original_source_check,external_verification_scope
rudin2019stop,Stop Explaining Black Box Machine Learning Models for High Stakes Decisions and Use Interpretable Models Instead,Cynthia Rudin,2019,Nature Machine Intelligence,article,[1],MATCH_BY_AUTOMATED_NORMALIZED_TITLE,NO_SEPARATE_INDEPENDENT_PUBLISHER_METADATA_CHECK_RECORDED,,,NOT_CHECKED_FULL_TEXT,NONE
alvarez2018senn,Towards Robust Interpretability with Self-Explaining Neural Networks,David Alvarez-Melis and Tommi S. Jaakkola,2018,Advances in Neural Information Processing Systems,inproceedings,[2],MATCH_BY_AUTOMATED_NORMALIZED_TITLE,PUBLISHER_METADATA_AND_ABSTRACT,https://papers.nips.cc/paper_files/paper/2018/hash/3e9f0fc9b2f89e043bc6233994dfcf76-Abstract.html,architecture and stability motivation; no full-text claim-level audit performed.,PUBLICATION_IDENTITY_AND_ABSTRACT_ONLY,HIGH_LEVEL_TOPIC_ONLY_NOT_FULL_TEXT
agarwal2021nam,Neural Additive Models: Interpretable Machine Learning with Neural Nets,Rishabh Agarwal and Levi Melnick and Nicholas Frosst and Xuezhou Zhang and Ben Lengerich and Rich Caruana and Geoffrey E. Hinton,2021,Advances in Neural Information Processing Systems,inproceedings,[6],MATCH_BY_AUTOMATED_NORMALIZED_TITLE,NO_SEPARATE_INDEPENDENT_PUBLISHER_METADATA_CHECK_RECORDED,,,NOT_CHECKED_FULL_TEXT,NONE
koh2020cbm,Concept Bottleneck Models,Pang Wei Koh and Thao Nguyen and Yew Siang Tang and Stephen Mussmann and Emma Pierson and Been Kim and Percy Liang,2020,Proceedings of the 37th International Conference on Machine Learning,inproceedings,[3],MATCH_BY_AUTOMATED_NORMALIZED_TITLE,NO_SEPARATE_INDEPENDENT_PUBLISHER_METADATA_CHECK_RECORDED,,,NOT_CHECKED_FULL_TEXT,NONE
chen2019protopnet,This Looks like That: Deep Learning for Interpretable Image Recognition,Chaofan Chen and Oscar Li and Daniel Tao and Alina Barnett and Cynthia Rudin and Jonathan K. Su,2019,Advances in Neural Information Processing Systems,inproceedings,[4],MATCH_BY_AUTOMATED_NORMALIZED_TITLE,NO_SEPARATE_INDEPENDENT_PUBLISHER_METADATA_CHECK_RECORDED,,,NOT_CHECKED_FULL_TEXT,NONE
nauta2021prototree,Neural Prototype Trees for Interpretable Fine-Grained Image Recognition,Meike Nauta and Ron van Bree and Christin Seifert,2021,Proceedings of the IEEE/CVF Conference on Computer Vision and Pattern Recognition,inproceedings,[5],MATCH_BY_AUTOMATED_NORMALIZED_TITLE,NO_SEPARATE_INDEPENDENT_PUBLISHER_METADATA_CHECK_RECORDED,,,NOT_CHECKED_FULL_TEXT,NONE
yamaguchi2025xbm,Explanation Bottleneck Models,Shin'ya Yamaguchi and Kosuke Nishida,2025,Proceedings of the AAAI Conference on Artificial Intelligence,inproceedings,[7],MATCH_BY_AUTOMATED_NORMALIZED_TITLE,PUBLISHER_METADATA_AND_ABSTRACT,https://ojs.aaai.org/index.php/AAAI/article/view/35495,explanation bottleneck architecture; not direct security testing; no full-text claim-level audit performed.,PUBLICATION_IDENTITY_AND_ABSTRACT_ONLY,HIGH_LEVEL_TOPIC_ONLY_NOT_FULL_TEXT
ilyas2026intrinsic,A Two-Way Survey of Intrinsically Interpretable Deep Learning for Tabular Data: Bridging Methods and Systems,Muhammad Ilyas and Kenenna Okafor and Fahad Sohrab and Pekka Abrahamsson,2026,IEEE Access,article,[42],MATCH_BY_AUTOMATED_NORMALIZED_TITLE,DOI_METADATA_SECONDARY_INDEX,https://doi.org/10.1109/ACCESS.2026.3676942,survey and publication identity; source content not reviewed; no full-text claim-level audit performed.,PUBLICATION_IDENTITY_AND_ABSTRACT_ONLY,HIGH_LEVEL_TOPIC_ONLY_NOT_FULL_TEXT
shin2023intervention,A Closer Look at the Intervention Procedure of Concept Bottleneck Models,Sungbin Shin and Yohan Jo and Sungsoo Ahn and Namhoon Lee,2023,Proceedings of the 40th International Conference on Machine Learning,inproceedings,[29],MATCH_BY_AUTOMATED_NORMALIZED_TITLE,NO_SEPARATE_INDEPENDENT_PUBLISHER_METADATA_CHECK_RECORDED,https://proceedings.mlr.press/v202/shin23a.html,intervention choice and granularity affect outcomes; no full-text claim-level audit performed.,PUBLICATION_IDENTITY_AND_ABSTRACT_ONLY,HIGH_LEVEL_TOPIC_ONLY_NOT_FULL_TEXT
steinmann2024intervene,Learning to Intervene on Concept Bottlenecks,David Steinmann and Wolfgang Stammer and Felix Friedrich and Kristian Kersting,2024,Proceedings of the 41st International Conference on Machine Learning,inproceedings,[46],MATCH_BY_AUTOMATED_NORMALIZED_TITLE,NO_SEPARATE_INDEPENDENT_PUBLISHER_METADATA_CHECK_RECORDED,,,NOT_CHECKED_FULL_TEXT,NONE
sinha2023robust,Understanding and Enhancing Robustness of Concept-Based Models,Sanchit Sinha and Mengdi Huai and Jianhui Sun and Aidong Zhang,2023,Proceedings of the AAAI Conference on Artificial Intelligence,inproceedings,[27],MATCH_BY_AUTOMATED_NORMALIZED_TITLE,NO_SEPARATE_INDEPENDENT_PUBLISHER_METADATA_CHECK_RECORDED,,,NOT_CHECKED_FULL_TEXT,NONE
rasheed2024concept,Exploring the Impact of Conceptual Bottlenecks on Adversarial Robustness of Deep Neural Networks,Bader Rasheed and Mohamed Abdelhamid and Adil Khan and Igor Menezes and Asad Masood Khattak,2024,IEEE Access,article,[28],MATCH_BY_AUTOMATED_NORMALIZED_TITLE,NO_SEPARATE_INDEPENDENT_PUBLISHER_METADATA_CHECK_RECORDED,,,NOT_CHECKED_FULL_TEXT,NONE
park2025noisycbm,"An Analysis of Concept Bottleneck Models: Measuring, Understanding, and Mitigating the Impact of Noisy Annotations",Seonghwan Park and Jueun Mun and Donghyun Oh and Namhoon Lee,2025,Advances in Neural Information Processing Systems,inproceedings,[30],MATCH_BY_AUTOMATED_NORMALIZED_TITLE,NO_SEPARATE_INDEPENDENT_PUBLISHER_METADATA_CHECK_RECORDED,https://arxiv.org/abs/2505.16705,"noisy annotations impair prediction, concept quality, interventions; no full-text claim-level audit performed.",PUBLICATION_IDENTITY_AND_ABSTRACT_ONLY,HIGH_LEVEL_TOPIC_ONLY_NOT_FULL_TEXT
lai2026cat,Multimodal Deception in Explainable AI: Concept-Level Backdoor Attacks on Concept Bottleneck Models,Songning Lai and Jiayu Yang and Yu Huang and Lijie Hu and Tianlang Xue and Zhangyi Hu and Jiaxu Li and Haicheng Liao and Zongyang Liu and Yutao Yue,2026,Transactions on Machine Learning Research,article,[32],MATCH_BY_AUTOMATED_NORMALIZED_TITLE,PUBLICATION_MANUSCRIPT_AND_ABSTRACT,https://www.jmlr.org/tmlr/papers/,concept-level backdoor attacks on CBMs; no full-text claim-level audit performed.,PUBLICATION_IDENTITY_AND_ABSTRACT_ONLY,HIGH_LEVEL_TOPIC_ONLY_NOT_FULL_TEXT
enouen2026debug,Debugging Concept Bottleneck Models through Removal and Retraining,Eric Enouen and Sainyam Galhotra,2026,International Conference on Learning Representations,inproceedings,[31],MATCH_BY_AUTOMATED_NORMALIZED_TITLE,NO_SEPARATE_INDEPENDENT_PUBLISHER_METADATA_CHECK_RECORDED,,,NOT_CHECKED_FULL_TEXT,NONE
huang2023prototype,Evaluation and Improvement of Interpretability for Self-Explainable Part-Prototype Networks,Qihan Huang and Mengqi Xue and Wenqi Huang and Haofei Zhang and Jie Song and Yongcheng Jing and Mingli Song,2023,Proceedings of the IEEE/CVF International Conference on Computer Vision,inproceedings,[34],MATCH_BY_AUTOMATED_NORMALIZED_TITLE,PUBLISHER_METADATA_AND_ABSTRACT,https://openaccess.thecvf.com/content/ICCV2023/html/Huang_Evaluation_and_Improvement_of_Interpretability_for_Self-Explainable_Part-Prototype_Networks_ICCV_2023_paper.html,prototype consistency and stability; no full-text claim-level audit performed.,PUBLICATION_IDENTITY_AND_ABSTRACT_ONLY,HIGH_LEVEL_TOPIC_ONLY_NOT_FULL_TEXT
sacha2024misalignment,Interpretability Benchmark for Evaluating Spatial Misalignment of Prototypical Parts Explanations,"M. Sacha, B. Jura, D. Rymarczyk, Ł. Struski, J. Tabor, and B. Zieli´nski",2024,Proceedings of the AAAI Conference on Artificial Intelligence,inproceedings,[35],MATCH_BY_AUTOMATED_NORMALIZED_TITLE,PUBLISHER_METADATA_AND_ABSTRACT,https://ojs.aaai.org/index.php/AAAI/article/view/30154,prototype visualization/spatial misalignment; no full-text claim-level audit performed.,PUBLICATION_IDENTITY_AND_ABSTRACT_ONLY,HIGH_LEVEL_TOPIC_ONLY_NOT_FULL_TEXT
baniecki2025birds,Birds Look Like Cars: Adversarial Analysis of Intrinsically Interpretable Deep Learning,Hubert Baniecki and Przemyslaw Biecek,2025,Machine Learning,article,[36],MATCH_BY_AUTOMATED_NORMALIZED_TITLE,PUBLISHER_METADATA_AND_ABSTRACT,https://link.springer.com/article/10.1007/s10994-025-06896-w,prototype manipulation and backdoors; no full-text claim-level audit performed.,PUBLICATION_IDENTITY_AND_ABSTRACT_ONLY,HIGH_LEVEL_TOPIC_ONLY_NOT_FULL_TEXT
zhang2024additive,Challenges in Interpretability of Additive Models,Xinyu Zhang and Julien Martinelli and Ti John,2024,Workshop on Explainable Artificial Intelligence,inproceedings,[40],MATCH_BY_AUTOMATED_NORMALIZED_TITLE,INSTITUTION_METADATA_AND_ABSTRACT,https://research.aalto.fi/en/publications/challenges-in-interpretability-of-additive-models/,non-identifiability of additive-model explanations; published 2024 workshop; no full-text claim-level audit performed.,PUBLICATION_IDENTITY_AND_ABSTRACT_ONLY,HIGH_LEVEL_TOPIC_ONLY_NOT_FULL_TEXT
chen2026mlnam,Maximum Likelihood Neural Additive Models,Jingyi Chen and Xuelin Zhang and Peipei Yuan and Rushi Lan and Hong Chen,2026,Information Sciences,article,[51],MATCH_BY_AUTOMATED_NORMALIZED_TITLE,PUBLISHER_METADATA_AND_ABSTRACT,https://www.sciencedirect.com/science/article/pii/S0020025526000356,heavy-tailed/outlier noise rather than adversarial security; no full-text claim-level audit performed.,PUBLICATION_IDENTITY_AND_ABSTRACT_ONLY,HIGH_LEVEL_TOPIC_ONLY_NOT_FULL_TEXT
bassan2026provably,Provably Explaining Neural Additive Models,"S. Bassan, Y. Y. Elboher, T. Ladner, V. ¸Sahin, J. Kˇretínský, M. Al- thoff, and G. Katz",2026,International Conference on Learning Representations,inproceedings,[41],MATCH_BY_AUTOMATED_NORMALIZED_TITLE,PUBLISHED_PAPER_ABSTRACT,https://openreview.net/pdf/24a6ba7196e865623a6c47c236096913b01e68ba.pdf,cardinality-minimal sufficient NAM explanations; not semantic grounding proof; no full-text claim-level audit performed.,PUBLICATION_IDENTITY_AND_ABSTRACT_ONLY,HIGH_LEVEL_TOPIC_ONLY_NOT_FULL_TEXT
zheng2019sem,Analyzing the Interpretability Robustness of Self-Explaining Models,Haizhong Zheng and Earlence Fernandes and Atul Prakash,2019,arXiv preprint arXiv:1905.12429,article,[22],MATCH_BY_AUTOMATED_NORMALIZED_TITLE,PREPRINT_METADATA_AND_ABSTRACT,https://arxiv.org/abs/1905.12429,input perturbations can shift explanations while outputs stay fixed; preprint; no full-text claim-level audit performed.,PUBLICATION_IDENTITY_AND_ABSTRACT_ONLY,HIGH_LEVEL_TOPIC_ONLY_NOT_FULL_TEXT
ghorbani2019fragile,Interpretation of Neural Networks Is Fragile,Amirata Ghorbani and Abubakar Abid and James Y. Zou,2019,Proceedings of the AAAI Conference on Artificial Intelligence,inproceedings,[8],MATCH_BY_AUTOMATED_NORMALIZED_TITLE,NO_SEPARATE_INDEPENDENT_PUBLISHER_METADATA_CHECK_RECORDED,,,NOT_CHECKED_FULL_TEXT,NONE
heo2019fooling,Fooling Neural Network Interpretations via Adversarial Model Manipulation,Juyeon Heo and Sunghwan Joo and Taesup Moon,2019,Advances in Neural Information Processing Systems,inproceedings,[10],MATCH_BY_AUTOMATED_NORMALIZED_TITLE,NO_SEPARATE_INDEPENDENT_PUBLISHER_METADATA_CHECK_RECORDED,,,NOT_CHECKED_FULL_TEXT,NONE
slack2020fooling,Fooling LIME and SHAP: Adversarial Attacks on Post hoc Explanation Methods,Dylan Slack and Sophie Hilgard and Emily Jia and Sameer Singh and Himabindu Lakkaraju,2020,"Proceedings of the AAAI/ACM Conference on AI, Ethics, and Society",inproceedings,[11],MATCH_BY_AUTOMATED_NORMALIZED_TITLE,NO_SEPARATE_INDEPENDENT_PUBLISHER_METADATA_CHECK_RECORDED,,,NOT_CHECKED_FULL_TEXT,NONE
zhang2020underfire,Interpretable Deep Learning under Fire,Xinyang Zhang and Ningfei Wang and Hua Shen and Shouling Ji and Xiapu Luo and Ting Wang,2020,29th USENIX Security Symposium,inproceedings,[74],MATCH_BY_AUTOMATED_NORMALIZED_TITLE,NO_SEPARATE_INDEPENDENT_PUBLISHER_METADATA_CHECK_RECORDED,,,NOT_CHECKED_FULL_TEXT,NONE
gan2022stable,Is Your Explanation Stable? A Robustness Evaluation Framework for Feature Attribution,Yuyou Gan and Yuhao Mao and Xuhong Zhang and Shouling Ji and Yuwen Pu and Meng Han and Jianwei Yin and Ting Wang,2022,Proceedings of the 2022 ACM SIGSAC Conference on Computer and Communications Security,inproceedings,[78],MATCH_BY_AUTOMATED_NORMALIZED_TITLE,NO_SEPARATE_INDEPENDENT_PUBLISHER_METADATA_CHECK_RECORDED,,,NOT_CHECKED_FULL_TEXT,NONE
noppel2023backdoor,Disguising Attacks with Explanation-Aware Backdoors,Maximilian Noppel and Lukas Peter and Christian Wressnegger,2023,2023 IEEE Symposium on Security and Privacy,inproceedings,[14],MATCH_BY_AUTOMATED_NORMALIZED_TITLE,NO_SEPARATE_INDEPENDENT_PUBLISHER_METADATA_CHECK_RECORDED,,,NOT_CHECKED_FULL_TEXT,NONE
noppel2024sok,SoK: Explainable Machine Learning in Adversarial Environments,Maximilian Noppel and Christian Wressnegger,2024,2024 IEEE Symposium on Security and Privacy,inproceedings,[18],MATCH_BY_AUTOMATED_NORMALIZED_TITLE,PUBLISHER_METADATA_AND_ABSTRACT,https://ieeexplore.ieee.org/document/10646794,adversarial-XAI systematization; background only; no full-text claim-level audit performed.,PUBLICATION_IDENTITY_AND_ABSTRACT_ONLY,HIGH_LEVEL_TOPIC_ONLY_NOT_FULL_TEXT
baniecki2024survey,Adversarial Attacks and Defenses in Explainable Artificial Intelligence: A Survey,Hubert Baniecki and Przemyslaw Biecek,2024,Information Fusion,article,[19],MATCH_BY_AUTOMATED_NORMALIZED_TITLE,NO_SEPARATE_INDEPENDENT_PUBLISHER_METADATA_CHECK_RECORDED,,,NOT_CHECKED_FULL_TEXT,NONE
vadillo2025survey,Adversarial Attacks in Explainable Machine Learning: A Survey of Threats Against Models and Humans,Jon Vadillo and Roberto Santana and Jose A. Lozano,2025,WIREs Data Mining and Knowledge Discovery,article,[20],MATCH_BY_AUTOMATED_NORMALIZED_TITLE,NO_SEPARATE_INDEPENDENT_PUBLISHER_METADATA_CHECK_RECORDED,,,NOT_CHECKED_FULL_TEXT,NONE
milli2019reconstruction,Model Reconstruction from Model Explanations,Smitha Milli and Ludwig Schmidt and Anca D. Dragan and Moritz Hardt,2019,"Proceedings of the Conference on Fairness, Accountability, and Transparency",inproceedings,[15],MATCH_BY_AUTOMATED_NORMALIZED_TITLE,NO_SEPARATE_INDEPENDENT_PUBLISHER_METADATA_CHECK_RECORDED,https://doi.org/10.1145/3287560.3287562,model reconstruction through exposed explanations; no full-text claim-level audit performed.,PUBLICATION_IDENTITY_AND_ABSTRACT_ONLY,HIGH_LEVEL_TOPIC_ONLY_NOT_FULL_TEXT
shokri2021privacy,On the Privacy Risks of Model Explanations,Reza Shokri and Martin Strobel and Yair Zick,2021,"Proceedings of the AAAI/ACM Conference on AI, Ethics, and Society",inproceedings,[16],MATCH_BY_AUTOMATED_NORMALIZED_TITLE,NO_SEPARATE_INDEPENDENT_PUBLISHER_METADATA_CHECK_RECORDED,https://www.ftc.gov/system/files/documents/public_events/1582978/on_the_privacy_risks_of_model_explanations.pdf,membership inference from model explanations; no full-text claim-level audit performed.,PUBLICATION_IDENTITY_AND_ABSTRACT_ONLY,HIGH_LEVEL_TOPIC_ONLY_NOT_FULL_TEXT
goethals2023linkage,The Privacy Issue of Counterfactual Explanations: Explanation Linkage Attacks,"S. Goethals, K. Sørensen, and D. Martens",2023,ACM Transactions on Intelligent Systems and Technology,article,[76],MATCH_BY_AUTOMATED_NORMALIZED_TITLE,NO_SEPARATE_INDEPENDENT_PUBLISHER_METADATA_CHECK_RECORDED,,,NOT_CHECKED_FULL_TEXT,NONE
ma2024membership,Label-Only Membership Inference Attack Based on Model Explanation,Yao Ma and Xurong Zhai and Dan Yu and Yuli Yang and Xingyu Wei and Yongle Chen,2024,Neural Processing Letters,article,[45],MATCH_BY_AUTOMATED_NORMALIZED_TITLE,NO_SEPARATE_INDEPENDENT_PUBLISHER_METADATA_CHECK_RECORDED,,,NOT_CHECKED_FULL_TEXT,NONE
adebayo2018sanity,Sanity Checks for Saliency Maps,Julius Adebayo and Justin Gilmer and Michael Muelly and Ian Goodfellow and Moritz Hardt and Been Kim,2018,Advances in Neural Information Processing Systems,inproceedings,[82],MATCH_BY_AUTOMATED_NORMALIZED_TITLE,NO_SEPARATE_INDEPENDENT_PUBLISHER_METADATA_CHECK_RECORDED,,,NOT_CHECKED_FULL_TEXT,NONE
aivodji2019fairwashing,Fairwashing: The Risk of Rationalization,"U. Aïvodji, H. Arai, O. Fortineau, S. Gambs, S. Hara, and A. Tapp",2019,Proceedings of the 36th International Conference on Machine Learning,inproceedings,[75],MATCH_BY_AUTOMATED_NORMALIZED_TITLE,NO_SEPARATE_INDEPENDENT_PUBLISHER_METADATA_CHECK_RECORDED,,,NOT_CHECKED_FULL_TEXT,NONE
dombrowski2019geometry,Explanations Can Be Manipulated and Geometry Is to Blame,"A.-K. Dombrowski, M. Alber, C. Anders, M. Ackermann, K.-R. Müller, and P. Kessel",2019,Advances in Neural Information Processing Systems,inproceedings,[9],MATCH_BY_AUTOMATED_NORMALIZED_TITLE,NO_SEPARATE_INDEPENDENT_PUBLISHER_METADATA_CHECK_RECORDED,,,NOT_CHECKED_FULL_TEXT,NONE
anders2020offmanifold,Fairwashing Explanations with Off-Manifold Detergent,"C. Anders, P. Pasliev, A.-K. Dombrowski, K.-R. Müller, and P. Kessel",2020,Proceedings of the 37th International Conference on Machine Learning,inproceedings,[12],MATCH_BY_AUTOMATED_NORMALIZED_TITLE,NO_SEPARATE_INDEPENDENT_PUBLISHER_METADATA_CHECK_RECORDED,,,NOT_CHECKED_FULL_TEXT,NONE
dimanov2020conceal,You Shouldn't Trust Me: Learning Models Which Conceal Unfairness from Multiple Explanation Methods,Botty Dimanov and Umang Bhatt and Mateja Jamnik and Adrian Weller,2020,ECAI 2020,inproceedings,[13],MATCH_BY_AUTOMATED_NORMALIZED_TITLE,NO_SEPARATE_INDEPENDENT_PUBLISHER_METADATA_CHECK_RECORDED,,,NOT_CHECKED_FULL_TEXT,NONE
zarlenga2022cem,Concept Embedding Models: Beyond the Accuracy-Explainability Trade-Off,"M. E. Zarlenga, P. Barbiero, G. Ciravegna, G. Marra, F. Giannini, M. Diligenti, Z. Shams, F. Precioso, S. Melacci, A. Weller, P. Liò, and M. Jamnik",2022,Advances in Neural Information Processing Systems,inproceedings,[23],MATCH_BY_AUTOMATED_NORMALIZED_TITLE,NO_SEPARATE_INDEPENDENT_PUBLISHER_METADATA_CHECK_RECORDED,,,NOT_CHECKED_FULL_TEXT,NONE
yuksekgonul2023pcbm,Post-hoc Concept Bottleneck Models,Mert Yuksekgonul and Maggie Wang and James Y. Zou,2023,International Conference on Learning Representations,inproceedings,[24],MATCH_BY_AUTOMATED_NORMALIZED_TITLE,NO_SEPARATE_INDEPENDENT_PUBLISHER_METADATA_CHECK_RECORDED,,,NOT_CHECKED_FULL_TEXT,NONE
oikarinen2023lfcbm,Label-free Concept Bottleneck Models,Tuomas Oikarinen and Subhro Das and Lam M. Nguyen and Tsui-Wei Weng,2023,International Conference on Learning Representations,inproceedings,[25],MATCH_BY_AUTOMATED_NORMALIZED_TITLE,NO_SEPARATE_INDEPENDENT_PUBLISHER_METADATA_CHECK_RECORDED,,,NOT_CHECKED_FULL_TEXT,NONE
chauhan2023interactive,Interactive Concept Bottleneck Models,Kushal Chauhan and Rishabh Tiwari and Jan Freyberg and Pradeep Shenoy and Krishnamurthy Dvijotham,2023,Proceedings of the AAAI Conference on Artificial Intelligence,inproceedings,[26],MATCH_BY_AUTOMATED_NORMALIZED_TITLE,NO_SEPARATE_INDEPENDENT_PUBLISHER_METADATA_CHECK_RECORDED,,,NOT_CHECKED_FULL_TEXT,NONE
nauta2023pipnet,"PIP-Net: Patch-based intuitive prototypes for interpretable image classification,","M. Nauta, J. Schlötterer, M. van Keulen, and C. Seifert",2023,Proceedings of the IEEE/CVF Conference on Computer Vision and Pattern Recognition,inproceedings,[33],MATCH_BY_AUTOMATED_NORMALIZED_TITLE,NO_SEPARATE_INDEPENDENT_PUBLISHER_METADATA_CHECK_RECORDED,,,NOT_CHECKED_FULL_TEXT,NONE
yang2021gaminet,"GAMI-Net: An explainable neural network based on generalized additive models with structured interactions,",Zebin Yang and Aijun Zhang and Agus Sudjianto,2021,Pattern Recognition,article,[37],MATCH_BY_AUTOMATED_NORMALIZED_TITLE,NO_SEPARATE_INDEPENDENT_PUBLISHER_METADATA_CHECK_RECORDED,,,NOT_CHECKED_FULL_TEXT,NONE
chang2022nodegam,"NODE-GAM: Neural generalized additive model for interpretable deep learning,",Chun-Hao Chang and Rich Caruana and Anna Goldenberg,2022,International Conference on Learning Representations,inproceedings,[38],MATCH_BY_AUTOMATED_NORMALIZED_TITLE,NO_SEPARATE_INDEPENDENT_PUBLISHER_METADATA_CHECK_RECORDED,,,NOT_CHECKED_FULL_TEXT,NONE
chang2021gams,How interpretable and trustworthy are GAMs?,Chun-Hao Chang and Sarah Tan and Benjamin J. Lengerich and Anna Goldenberg and Rich Caruana,2021,Proceedings of the 27th ACM SIGKDD Conference on Knowledge Discovery and Data Mining,inproceedings,[39],MATCH_BY_AUTOMATED_NORMALIZED_TITLE,AUTHOR_INSTITUTION_METADATA_AND_ABSTRACT,https://www.microsoft.com/en-us/research/publication/how-interpretable-and-trustworthy-are-gams/,GAM decomposition and semantic reliability rather than explicit adaptive security; no full-text claim-level audit performed.,PUBLICATION_IDENTITY_AND_ABSTRACT_ONLY,HIGH_LEVEL_TOPIC_ONLY_NOT_FULL_TEXT
ross2017right,Right for the Right Reasons: Training Differentiable Models by Constraining Their Explanations,Andrew Slavin Ross and Michael C. Hughes and Finale Doshi-Velez,2017,Proceedings of the Twenty-Sixth International Joint Conference on Artificial Intelligence,inproceedings,[81],MATCH_BY_AUTOMATED_NORMALIZED_TITLE,NO_SEPARATE_INDEPENDENT_PUBLISHER_METADATA_CHECK_RECORDED,,,NOT_CHECKED_FULL_TEXT,NONE
yeh2019infidelity,On the (In)fidelity and Sensitivity of Explanations,Chih-Kuan Yeh and Cheng-Yu Hsieh and Arun Suggala and David Inouye and Pradeep Ravikumar,2019,Advances in Neural Information Processing Systems,inproceedings,[47],MATCH_BY_AUTOMATED_NORMALIZED_TITLE,NO_SEPARATE_INDEPENDENT_PUBLISHER_METADATA_CHECK_RECORDED,,,NOT_CHECKED_FULL_TEXT,NONE
hedstrom2023quantus,"Quantus: An explainable AI toolkit for responsible evaluation of neural network explanations and beyond,","A. Hedström, L. Weber, D. Krakowczyk, D. Bareeva, F. Motzkus, W. Samek, S. Lapuschkin, and M. M.-C. Höhne",2023,Journal of Machine Learning Research,article,[48],MATCH_BY_AUTOMATED_NORMALIZED_TITLE,NO_SEPARATE_INDEPENDENT_PUBLISHER_METADATA_CHECK_RECORDED,,,NOT_CHECKED_FULL_TEXT,NONE
wang2022dualcf,"DualCF: Efficient model extraction attack from counterfactual explanations,",Yongjie Wang and Hangwei Qian and Chunyan Miao,2022,"Proceedings of the 2022 ACM Conference on Fairness, Accountability, and Transparency",inproceedings,[49],MATCH_BY_AUTOMATED_NORMALIZED_TITLE,NO_SEPARATE_INDEPENDENT_PUBLISHER_METADATA_CHECK_RECORDED,,,NOT_CHECKED_FULL_TEXT,NONE
duddu2022sensitive,Inferring Sensitive Attributes from Model Explanations,Vasisht Duddu and Antoine Boutet,2022,Proceedings of the 31st ACM International Conference on Information and Knowledge Management,inproceedings,[17],MATCH_BY_AUTOMATED_NORMALIZED_TITLE,NO_SEPARATE_INDEPENDENT_PUBLISHER_METADATA_CHECK_RECORDED,,,NOT_CHECKED_FULL_TEXT,NONE
patel2022dp,Model Explanations with Differential Privacy,Neel Patel and Reza Shokri and Yair Zick,2022,"Proceedings of the 2022 ACM Conference on Fairness, Accountability, and Transparency",inproceedings,[50],MATCH_BY_AUTOMATED_NORMALIZED_TITLE,NO_SEPARATE_INDEPENDENT_PUBLISHER_METADATA_CHECK_RECORDED,,,NOT_CHECKED_FULL_TEXT,NONE
an2024counterfactual,"Counterfactual Explanation at Will, with Zero Privacy Leakage",Shuai An and Yang Cao,2024,Proceedings of the ACM on Management of Data,article,[77],MATCH_BY_AUTOMATED_NORMALIZED_TITLE,NO_SEPARATE_INDEPENDENT_PUBLISHER_METADATA_CHECK_RECORDED,,,NOT_CHECKED_FULL_TEXT,NONE
nguyen2025privacy,"Privacy-preserving explainable AI: A survey,",Thanh Tam Nguyen and Thanh Trung Huynh and Zhao Ren and Thanh Toan Nguyen and Phi Le Nguyen and Hongzhi Yin and Quoc Viet Hung Nguyen,2025,Science China Information Sciences,article,[21],MATCH_BY_AUTOMATED_NORMALIZED_TITLE,NO_SEPARATE_INDEPENDENT_PUBLISHER_METADATA_CHECK_RECORDED,,,NOT_CHECKED_FULL_TEXT,NONE
poeta2025conceptsurvey,Concept-Based Explainable Artificial Intelligence: A Survey,Eleonora Poeta and Gabriele Ciravegna and Eliana Pastor and Tania Cerquitelli and Elena Baralis,2025,ACM Computing Surveys,article,[79],MATCH_BY_AUTOMATED_NORMALIZED_TITLE,NO_SEPARATE_INDEPENDENT_PUBLISHER_METADATA_CHECK_RECORDED,,,NOT_CHECKED_FULL_TEXT,NONE
knab2026cbmsurvey,What's in the Bottle? A Survey and Roadmap of Concept Bottleneck Models,Patrick Knab and David Steinmann and Christian Bartelt and Kristian Kersting and Bernt Schiele and Thomas Seidl and Udo Schlegel and Wolfgang Stammer,2026,Transactions on Machine Learning Research,article,[80],MATCH_BY_AUTOMATED_NORMALIZED_TITLE,NO_SEPARATE_INDEPENDENT_PUBLISHER_METADATA_CHECK_RECORDED,https://www.jmlr.org/tmlr/papers/,CBM survey and design taxonomy; no full-text claim-level audit performed.,PUBLICATION_IDENTITY_AND_ABSTRACT_ONLY,HIGH_LEVEL_TOPIC_ONLY_NOT_FULL_TEXT
ribeiro2016lime,"Why Should I Trust You?: Explaining the predictions of any classifier,",Marco Tulio Ribeiro and Sameer Singh and Carlos Guestrin,2016,Proceedings of the 22nd ACM SIGKDD International Conference on Knowledge Discovery and Data Mining,inproceedings,[64],MATCH_BY_AUTOMATED_NORMALIZED_TITLE,NO_SEPARATE_INDEPENDENT_PUBLISHER_METADATA_CHECK_RECORDED,,,NOT_CHECKED_FULL_TEXT,NONE
lundberg2017shap,A Unified Approach to Interpreting Model Predictions,Scott M. Lundberg and Su-In Lee,2017,Advances in Neural Information Processing Systems,inproceedings,[65],MATCH_BY_AUTOMATED_NORMALIZED_TITLE,NO_SEPARATE_INDEPENDENT_PUBLISHER_METADATA_CHECK_RECORDED,,,NOT_CHECKED_FULL_TEXT,NONE
sundararajan2017ig,Axiomatic Attribution for Deep Networks,Mukund Sundararajan and Ankur Taly and Qiqi Yan,2017,Proceedings of the 34th International Conference on Machine Learning,inproceedings,[66],MATCH_BY_AUTOMATED_NORMALIZED_TITLE,NO_SEPARATE_INDEPENDENT_PUBLISHER_METADATA_CHECK_RECORDED,,,NOT_CHECKED_FULL_TEXT,NONE
shrikumar2017deeplift,Learning Important Features Through Propagating Activation Differences,Avanti Shrikumar and Peyton Greenside and Anshul Kundaje,2017,Proceedings of the 34th International Conference on Machine Learning,inproceedings,[67],MATCH_BY_AUTOMATED_NORMALIZED_TITLE,NO_SEPARATE_INDEPENDENT_PUBLISHER_METADATA_CHECK_RECORDED,,,NOT_CHECKED_FULL_TEXT,NONE
selvaraju2017gradcam,"Grad-CAM: Visual explanations from deep networks via gradient-based localization,",Ramprasaath R. Selvaraju and Michael Cogswell and Abhishek Das and Ramakrishna Vedantam and Devi Parikh and Dhruv Batra,2017,Proceedings of the IEEE International Conference on Computer Vision,inproceedings,[68],MATCH_BY_AUTOMATED_NORMALIZED_TITLE,NO_SEPARATE_INDEPENDENT_PUBLISHER_METADATA_CHECK_RECORDED,,,NOT_CHECKED_FULL_TEXT,NONE
ribeiro2018anchors,Anchors: High-Precision Model-Agnostic Explanations,Marco Tulio Ribeiro and Sameer Singh and Carlos Guestrin,2018,Proceedings of the AAAI Conference on Artificial Intelligence,inproceedings,[69],MATCH_BY_AUTOMATED_NORMALIZED_TITLE,NO_SEPARATE_INDEPENDENT_PUBLISHER_METADATA_CHECK_RECORDED,,,NOT_CHECKED_FULL_TEXT,NONE
koh2017influence,Understanding Black-box Predictions via Influence Functions,Pang Wei Koh and Percy Liang,2017,Proceedings of the 34th International Conference on Machine Learning,inproceedings,[71],MATCH_BY_AUTOMATED_NORMALIZED_TITLE,NO_SEPARATE_INDEPENDENT_PUBLISHER_METADATA_CHECK_RECORDED,,,NOT_CHECKED_FULL_TEXT,NONE
mothilal2020dice,Explaining Machine Learning Classifiers through Diverse Counterfactual Explanations,Ramaravind K. Mothilal and Amit Sharma and Chenhao Tan,2020,"Proceedings of the 2020 Conference on Fairness, Accountability, and Transparency",inproceedings,[72],MATCH_BY_AUTOMATED_NORMALIZED_TITLE,NO_SEPARATE_INDEPENDENT_PUBLISHER_METADATA_CHECK_RECORDED,,,NOT_CHECKED_FULL_TEXT,NONE
kim2018tcav,"Interpretability beyond feature attribution: Quantitative testing with concept activation vectors (TCAV),",Been Kim and Martin Wattenberg and Justin Gilmer and Carrie Cai and James Wexler and Fernanda Viegas and Rory Sayres,2018,Proceedings of the 35th International Conference on Machine Learning,inproceedings,[70],MATCH_BY_AUTOMATED_NORMALIZED_TITLE,NO_SEPARATE_INDEPENDENT_PUBLISHER_METADATA_CHECK_RECORDED,,,NOT_CHECKED_FULL_TEXT,NONE
lou2012gam,Intelligible Models for Classification and Regression,Yin Lou and Rich Caruana and Johannes Gehrke,2012,Proceedings of the 18th ACM SIGKDD International Conference on Knowledge Discovery and Data Mining,inproceedings,[73],MATCH_BY_AUTOMATED_NORMALIZED_TITLE,NO_SEPARATE_INDEPENDENT_PUBLISHER_METADATA_CHECK_RECORDED,,,NOT_CHECKED_FULL_TEXT,NONE
ji2025sinnsurvey,A Comprehensive Survey on Self-Interpretable Neural Networks,Yang Ji and Ying Sun and Yuting Zhang and Zhigaoyuan Wang and Yuanxin Zhuang and Zheng Gong and Dazhong Shen and Chuan Qin and Hengshu Zhu and Hui Xiong,2025,Proceedings of the IEEE,article,[43],MATCH_BY_AUTOMATED_NORMALIZED_TITLE,NO_SEPARATE_INDEPENDENT_PUBLISHER_METADATA_CHECK_RECORDED,,,NOT_CHECKED_FULL_TEXT,NONE
dimarino2025antehoc,Ante-Hoc Methods for Interpretable Deep Models: A Survey,Antonio Di Marino and Vincenzo Bevilacqua and Angelo Ciaramella and Ivanoe De Falco and Giovanna Sannino,2025,ACM Computing Surveys,article,[44],MATCH_BY_AUTOMATED_NORMALIZED_TITLE,NO_SEPARATE_INDEPENDENT_PUBLISHER_METADATA_CHECK_RECORDED,,,NOT_CHECKED_FULL_TEXT,NONE
ext003,A Survey on Sparse Autoencoders: Interpreting the Internal Mechanisms of Large Language Models,Dong Shu and Xuansheng Wu and Haiyan Zhao and Daking Rai and Ziyu Yao and Ninghao Liu and Mengnan Du,2025,Findings of the Association for Computational Linguistics: EMNLP 2025,inproceedings,[83],MATCH_BY_AUTOMATED_NORMALIZED_TITLE,NO_SEPARATE_INDEPENDENT_PUBLISHER_METADATA_CHECK_RECORDED,,,NOT_CHECKED_FULL_TEXT,NONE
ext004,Open Problems in Mechanistic Interpretability,Lee Sharkey and Bilal Chughtai and Joshua Batson and Jack Lindsey and Jeff Wu and Lucius Bushnaq and Nicholas Goldowsky-Dill and Stefan Heimersheim and Alejandro Ortega and Joseph Bloom and Stella Biderman and Adria Garriga-Alonso and Arthur Conmy and Neel Nanda and Jessica Rumbelow and Martin Wattenberg and Nandi Schoots and Joseph Miller and Eric J. Michaud and Stephen Casper and Max Tegmark and William Saunders and David Bau and Eric Todd and Atticus Geiger and Mor Geva and Jesse Hoogland and Daniel Murfet and Tom McGrath,2025,,misc,[84],MATCH_BY_AUTOMATED_NORMALIZED_TITLE,NO_SEPARATE_INDEPENDENT_PUBLISHER_METADATA_CHECK_RECORDED,,,NOT_CHECKED_FULL_TEXT,NONE
ext005,On Behalf of the Stakeholders: Trends in NLP Model Interpretability in the Era of LLMs,Nitay Calderon and Roi Reichart,2025,Proceedings of the 2025 Conference of the Nations of the Americas Chapter of the Association for Computational Linguistics: Human Language Technologies (Volume 1: Long Papers),inproceedings,[85],MATCH_BY_AUTOMATED_NORMALIZED_TITLE,NO_SEPARATE_INDEPENDENT_PUBLISHER_METADATA_CHECK_RECORDED,,,NOT_CHECKED_FULL_TEXT,NONE
ext006,Representation Engineering for Large-Language Models: Survey and Research Challenges,Łukasz Bartoszcze and Sarthak Munshi and Bryan Sukidi and Jennifer Yen and Zejia Yang and David Williams-King and Linh Le and Kosi Asuzu and Carsten Maple,2025,,misc,[86],MATCH_BY_AUTOMATED_NORMALIZED_TITLE,NO_SEPARATE_INDEPENDENT_PUBLISHER_METADATA_CHECK_RECORDED,,,NOT_CHECKED_FULL_TEXT,NONE
ext007,Interpreting Language Models Through Concept Descriptions: A Survey,Nils Feldhus and Laura Kopf,2025,Proceedings of the 8th BlackboxNLP Workshop: Analyzing and Interpreting Neural Networks for NLP,inproceedings,[87],MATCH_BY_AUTOMATED_NORMALIZED_TITLE,NO_SEPARATE_INDEPENDENT_PUBLISHER_METADATA_CHECK_RECORDED,,,NOT_CHECKED_FULL_TEXT,NONE
ext008,Neuro-Symbolic AI in 2024: A Systematic Review,Brandon C. Colelough and William Regli,2025,,misc,[88],MATCH_BY_AUTOMATED_NORMALIZED_TITLE,NO_SEPARATE_INDEPENDENT_PUBLISHER_METADATA_CHECK_RECORDED,,,NOT_CHECKED_FULL_TEXT,NONE
ext009,Mechanistic Interpretability for AI Safety -- A Review,Leonard Bereska and Efstratios Gavves,2024,Transactions on Machine Learning Research,article,[89],MATCH_BY_AUTOMATED_NORMALIZED_TITLE,NO_SEPARATE_INDEPENDENT_PUBLISHER_METADATA_CHECK_RECORDED,,,NOT_CHECKED_FULL_TEXT,NONE
ext010,The Quest for the Right Mediator: Surveying Mechanistic Interpretability for NLP Through the Lens of Causal Mediation Analysis,Aaron Mueller and Jannik Brinkmann and Millicent Li and Samuel Marks and Koyena Pal and Nikhil Prakash and Can Rager and Aruna Sankaranarayanan and Arnab Sen Sharma and Jiuding Sun and Eric Todd and David Bau and Yonatan Belinkov,2026,Computational Linguistics,article,[90],MATCH_BY_AUTOMATED_NORMALIZED_TITLE,NO_SEPARATE_INDEPENDENT_PUBLISHER_METADATA_CHECK_RECORDED,,,NOT_CHECKED_FULL_TEXT,NONE
ext011,Causal Abstraction in Model Interpretability: A Compact Survey,Yihao Zhang,2024,,misc,[91],MATCH_BY_AUTOMATED_NORMALIZED_TITLE,NO_SEPARATE_INDEPENDENT_PUBLISHER_METADATA_CHECK_RECORDED,,,NOT_CHECKED_FULL_TEXT,NONE
ext012,Disentangled Representation Learning,Xin Wang and Hong Chen and Si'ao Tang and Zihao Wu and Wenwu Zhu,2024,IEEE Transactions on Pattern Analysis and Machine Intelligence,article,[92],MATCH_BY_AUTOMATED_NORMALIZED_TITLE,NO_SEPARATE_INDEPENDENT_PUBLISHER_METADATA_CHECK_RECORDED,,,NOT_CHECKED_FULL_TEXT,NONE
ext013,Interpretable Scientific Discovery with Symbolic Regression: A Review,Nour Makke and Sanjay Chawla,2024,Artificial Intelligence Review,article,[93],MATCH_BY_AUTOMATED_NORMALIZED_TITLE,NO_SEPARATE_INDEPENDENT_PUBLISHER_METADATA_CHECK_RECORDED,,,NOT_CHECKED_FULL_TEXT,NONE
ext014,"Probing Classifiers: Promises, Shortcomings, and Advances",Yonatan Belinkov,2022,Computational Linguistics,article,[94],MATCH_BY_AUTOMATED_NORMALIZED_TITLE,NO_SEPARATE_INDEPENDENT_PUBLISHER_METADATA_CHECK_RECORDED,,,NOT_CHECKED_FULL_TEXT,NONE
ext015,"Interpretable Machine Learning -- A Brief History, State-of-the-Art and Challenges",Christoph Molnar and Giuseppe Casalicchio and Bernd Bischl,2021,ECML PKDD 2020 Workshops,inproceedings,[95],MATCH_BY_AUTOMATED_NORMALIZED_TITLE,NO_SEPARATE_INDEPENDENT_PUBLISHER_METADATA_CHECK_RECORDED,,,NOT_CHECKED_FULL_TEXT,NONE
ext016,Understanding Neural Networks via Feature Visualization: A Survey,Anh Nguyen and Jason Yosinski and Jeff Clune,2019,"Explainable AI: Interpreting, Explaining and Visualizing Deep Learning",incollection,[96],MATCH_BY_AUTOMATED_NORMALIZED_TITLE,NO_SEPARATE_INDEPENDENT_PUBLISHER_METADATA_CHECK_RECORDED,,,NOT_CHECKED_FULL_TEXT,NONE
ext017,Rationalizing Neural Predictions,Tao Lei and Regina Barzilay and Tommi Jaakkola,2016,Proceedings of the 2016 Conference on Empirical Methods in Natural Language Processing,inproceedings,[97],MATCH_BY_AUTOMATED_NORMALIZED_TITLE,NO_SEPARATE_INDEPENDENT_PUBLISHER_METADATA_CHECK_RECORDED,,,NOT_CHECKED_FULL_TEXT,NONE
ext018,A Structured Self-Attentive Sentence Embedding,Zhouhan Lin and Minwei Feng and Cicero Nogueira dos Santos and Mo Yu and Bing Xiang and Bowen Zhou and Yoshua Bengio,2017,International Conference on Learning Representations (ICLR),inproceedings,[98],MATCH_BY_AUTOMATED_NORMALIZED_TITLE,NO_SEPARATE_INDEPENDENT_PUBLISHER_METADATA_CHECK_RECORDED,,,NOT_CHECKED_FULL_TEXT,NONE
ext019,Attention is not Explanation,Sarthak Jain and Byron C. Wallace,2019,Proceedings of NAACL-HLT 2019,inproceedings,[99],MATCH_BY_AUTOMATED_NORMALIZED_TITLE,NO_SEPARATE_INDEPENDENT_PUBLISHER_METADATA_CHECK_RECORDED,,,NOT_CHECKED_FULL_TEXT,NONE
ext020,Attention is not not Explanation,Sarah Wiegreffe and Yuval Pinter,2019,Proceedings of EMNLP-IJCNLP 2019,inproceedings,[100],MATCH_BY_AUTOMATED_NORMALIZED_TITLE,NO_SEPARATE_INDEPENDENT_PUBLISHER_METADATA_CHECK_RECORDED,,,NOT_CHECKED_FULL_TEXT,NONE
ext021,Towards Transparent and Explainable Attention Models,Akash Kumar Mohankumar and Preksha Nema and Sharan Narasimhan and Mitesh M. Khapra and Balaji Vasan Srinivasan and Balaraman Ravindran,2020,Proceedings of the 58th Annual Meeting of the Association for Computational Linguistics,inproceedings,[101],MATCH_BY_AUTOMATED_NORMALIZED_TITLE,NO_SEPARATE_INDEPENDENT_PUBLISHER_METADATA_CHECK_RECORDED,,,NOT_CHECKED_FULL_TEXT,NONE
ext022,Is Sparse Attention More Interpretable?,Clara Meister and Stefan Lazov and Isabelle Augenstein and Ryan Cotterell,2021,Proceedings of the 59th Annual Meeting of the Association for Computational Linguistics and the 11th International Joint Conference on Natural Language Processing: Short Papers,inproceedings,[102],MATCH_BY_AUTOMATED_NORMALIZED_TITLE,NO_SEPARATE_INDEPENDENT_PUBLISHER_METADATA_CHECK_RECORDED,,,NOT_CHECKED_FULL_TEXT,NONE
ext023,Learning to Explain: An Information-Theoretic Perspective on Model Interpretation,Jianbo Chen and Le Song and Martin J. Wainwright and Michael I. Jordan,2018,Proceedings of the 35th International Conference on Machine Learning,inproceedings,[103],MATCH_BY_AUTOMATED_NORMALIZED_TITLE,NO_SEPARATE_INDEPENDENT_PUBLISHER_METADATA_CHECK_RECORDED,,,NOT_CHECKED_FULL_TEXT,NONE
ext024,TabNet: Attentive Interpretable Tabular Learning,Sercan Ö. Arik and Tomas Pfister,2021,Proceedings of the AAAI Conference on Artificial Intelligence,article,[104],MATCH_BY_AUTOMATED_NORMALIZED_TITLE,NO_SEPARATE_INDEPENDENT_PUBLISHER_METADATA_CHECK_RECORDED,,,NOT_CHECKED_FULL_TEXT,NONE
ext026,B-cos Networks: Alignment is All We Need for Interpretability,Moritz Böhle and Mario Fritz and Bernt Schiele,2022,Proceedings of the IEEE/CVF Conference on Computer Vision and Pattern Recognition,inproceedings,[105],MATCH_BY_AUTOMATED_NORMALIZED_TITLE,NO_SEPARATE_INDEPENDENT_PUBLISHER_METADATA_CHECK_RECORDED,,,NOT_CHECKED_FULL_TEXT,NONE
ext027,Neural Basis Models for Interpretability,Filip Radenovic and Abhimanyu Dubey and Dhruv Mahajan,2022,Advances in Neural Information Processing Systems,inproceedings,[106],MATCH_BY_AUTOMATED_NORMALIZED_TITLE,NO_SEPARATE_INDEPENDENT_PUBLISHER_METADATA_CHECK_RECORDED,,,NOT_CHECKED_FULL_TEXT,NONE
ext028,On Sparse Modern Hopfield Model,Jerry Yao-Chieh Hu and Donglin Yang and Dennis Wu and Chenwei Xu and Bo-Yu Chen and Han Liu,2023,Advances in Neural Information Processing Systems,inproceedings,[107],MATCH_BY_AUTOMATED_NORMALIZED_TITLE,NO_SEPARATE_INDEPENDENT_PUBLISHER_METADATA_CHECK_RECORDED,,,NOT_CHECKED_FULL_TEXT,NONE
ext029,Opening the Black Box of Deep Neural Networks via Information,Ravid Shwartz-Ziv and Naftali Tishby,2017,,misc,[108],MATCH_BY_AUTOMATED_NORMALIZED_TITLE,NO_SEPARATE_INDEPENDENT_PUBLISHER_METADATA_CHECK_RECORDED,,,NOT_CHECKED_FULL_TEXT,NONE
ext030,Restricting the Flow: Information Bottlenecks for Attribution,Karl Schulz and Leon Sixt and Federico Tombari and Tim Landgraf,2020,International Conference on Learning Representations (ICLR),inproceedings,[109],MATCH_BY_AUTOMATED_NORMALIZED_TITLE,NO_SEPARATE_INDEPENDENT_PUBLISHER_METADATA_CHECK_RECORDED,,,NOT_CHECKED_FULL_TEXT,NONE
ext031,Interpretability with Full Complexity by Constraining Feature Information,Kieran A. Murphy and Dani S. Bassett,2023,International Conference on Learning Representations (ICLR),inproceedings,[110],MATCH_BY_AUTOMATED_NORMALIZED_TITLE,NO_SEPARATE_INDEPENDENT_PUBLISHER_METADATA_CHECK_RECORDED,,,NOT_CHECKED_FULL_TEXT,NONE
ext032,Learning Equations for Extrapolation and Control,Subham S. Sahoo and Christoph H. Lampert and Georg Martius,2018,Proceedings of the 35th International Conference on Machine Learning,inproceedings,[111],MATCH_BY_AUTOMATED_NORMALIZED_TITLE,NO_SEPARATE_INDEPENDENT_PUBLISHER_METADATA_CHECK_RECORDED,,,NOT_CHECKED_FULL_TEXT,NONE
ext033,AI Feynman 2.0: Pareto-Optimal Symbolic Regression Exploiting Graph Modularity,Silviu-Marian Udrescu and Andrew K. Tan and Jiahai Feng and Orisvaldo Neto and Tailin Wu and Max Tegmark,2020,Advances in Neural Information Processing Systems,inproceedings,[112],MATCH_BY_AUTOMATED_NORMALIZED_TITLE,NO_SEPARATE_INDEPENDENT_PUBLISHER_METADATA_CHECK_RECORDED,,,NOT_CHECKED_FULL_TEXT,NONE
ext034,SymbolicGPT: A Generative Transformer Model for Symbolic Regression,Mojtaba Valipour and Bowen You and Maysum Panju and Ali Ghodsi,2021,,misc,[113],MATCH_BY_AUTOMATED_NORMALIZED_TITLE,NO_SEPARATE_INDEPENDENT_PUBLISHER_METADATA_CHECK_RECORDED,,,NOT_CHECKED_FULL_TEXT,NONE
ext035,KAN: Kolmogorov-Arnold Networks,Ziming Liu and Yixuan Wang and Sachin Vaidya and Fabian Ruehle and James Halverson and Marin Soljačić and Thomas Y. Hou and Max Tegmark,2025,International Conference on Learning Representations (ICLR),inproceedings,[114],MATCH_BY_AUTOMATED_NORMALIZED_TITLE,NO_SEPARATE_INDEPENDENT_PUBLISHER_METADATA_CHECK_RECORDED,,,NOT_CHECKED_FULL_TEXT,NONE
ext039,Language in a Bottle: Language Model Guided Concept Bottlenecks for Interpretable Image Classification,Yue Yang and Artemis Panagopoulou and Shenghao Zhou and Daniel Jin and Chris Callison-Burch and Mark Yatskar,2023,Proceedings of the IEEE/CVF Conference on Computer Vision and Pattern Recognition,inproceedings,[52],MATCH_BY_AUTOMATED_NORMALIZED_TITLE,NO_SEPARATE_INDEPENDENT_PUBLISHER_METADATA_CHECK_RECORDED,,,NOT_CHECKED_FULL_TEXT,NONE
ext040,Counterfactual Concept Bottleneck Models,Gabriele Dominici and Pietro Barbiero and Francesco Giannini and Martin Gjoreski and Giuseppe Marra and Marc Langheinrich,2025,International Conference on Learning Representations (ICLR),inproceedings,[53],MATCH_BY_AUTOMATED_NORMALIZED_TITLE,NO_SEPARATE_INDEPENDENT_PUBLISHER_METADATA_CHECK_RECORDED,,,NOT_CHECKED_FULL_TEXT,NONE
ext041,Causal Concept Graph Models: Beyond Causal Opacity in Deep Learning,Gabriele Dominici and Pietro Barbiero and Mateo Espinosa Zarlenga and Alberto Termine and Martin Gjoreski and Giuseppe Marra and Marc Langheinrich,2025,International Conference on Learning Representations (ICLR),inproceedings,[54],MATCH_BY_AUTOMATED_NORMALIZED_TITLE,NO_SEPARATE_INDEPENDENT_PUBLISHER_METADATA_CHECK_RECORDED,,,NOT_CHECKED_FULL_TEXT,NONE
ext042,Concept Bottleneck Large Language Models,Chung-En Sun and Tuomas Oikarinen and Berk Ustun and Tsui-Wei Weng,2025,International Conference on Learning Representations (ICLR),inproceedings,[55],MATCH_BY_AUTOMATED_NORMALIZED_TITLE,NO_SEPARATE_INDEPENDENT_PUBLISHER_METADATA_CHECK_RECORDED,,,NOT_CHECKED_FULL_TEXT,NONE
ext043,CONDA: Condensed Deep Association Learning for Co-salient Object Detection,Long Li and Nian Liu and Dingwen Zhang and Zhongyu Li and Salman Khan and Rao Anwer and Hisham Cholakkal and Junwei Han and Fahad Shahbaz Khan,2025,Computer Vision -- ECCV 2024,inproceedings,[122],MATCH_BY_AUTOMATED_NORMALIZED_TITLE,NO_SEPARATE_INDEPENDENT_PUBLISHER_METADATA_CHECK_RECORDED,,,NOT_CHECKED_FULL_TEXT,NONE
ext044,ConceptAttention: Diffusion Transformers Learn Highly Interpretable Features,Alec Helbling and Tuna Han Salih Meral and Benjamin Hoover and Pinar Yanardag and Duen Horng Chau,2025,Proceedings of the 42nd International Conference on Machine Learning,inproceedings,[123],MATCH_BY_AUTOMATED_NORMALIZED_TITLE,NO_SEPARATE_INDEPENDENT_PUBLISHER_METADATA_CHECK_RECORDED,,,NOT_CHECKED_FULL_TEXT,NONE
ext045,Interpretable Generative Models through Post-hoc Concept Bottlenecks,Akshay Kulkarni and Ge Yan and Chung-En Sun and Tuomas Oikarinen and Tsui-Wei Weng,2025,Proceedings of the IEEE/CVF Conference on Computer Vision and Pattern Recognition,inproceedings,[124],MATCH_BY_AUTOMATED_NORMALIZED_TITLE,NO_SEPARATE_INDEPENDENT_PUBLISHER_METADATA_CHECK_RECORDED,,,NOT_CHECKED_FULL_TEXT,NONE
ext046,Interpretable Prognostics with Concept Bottleneck Models,Florent Forest and Katharina Rombach and Olga Fink,2025,Information Fusion,article,[125],MATCH_BY_AUTOMATED_NORMALIZED_TITLE,NO_SEPARATE_INDEPENDENT_PUBLISHER_METADATA_CHECK_RECORDED,,,NOT_CHECKED_FULL_TEXT,NONE
ext047,Deformable ProtoPNet: An Interpretable Image Classifier Using Deformable Prototypes,Jon Donnelly and Alina Jade Barnett and Chaofan Chen,2022,Proceedings of the IEEE/CVF Conference on Computer Vision and Pattern Recognition,inproceedings,[56],MATCH_BY_AUTOMATED_NORMALIZED_TITLE,NO_SEPARATE_INDEPENDENT_PUBLISHER_METADATA_CHECK_RECORDED,,,NOT_CHECKED_FULL_TEXT,NONE
ext049,Interpretable Prototype-based Graph Information Bottleneck,Sangwoo Seo and Sungwon Kim and Chanyoung Park,2023,Advances in Neural Information Processing Systems,inproceedings,[126],MATCH_BY_AUTOMATED_NORMALIZED_TITLE,NO_SEPARATE_INDEPENDENT_PUBLISHER_METADATA_CHECK_RECORDED,,,NOT_CHECKED_FULL_TEXT,NONE
ext050,LucidPPN: Unambiguous Prototypical Parts Network for User-centric Interpretable Computer Vision,Mateusz Pach and Koryna Lewandowska and Jacek Tabor and Bartosz Michał Zieliński and Dawid Damian Rymarczyk,2025,International Conference on Learning Representations (ICLR),inproceedings,[127],MATCH_BY_AUTOMATED_NORMALIZED_TITLE,NO_SEPARATE_INDEPENDENT_PUBLISHER_METADATA_CHECK_RECORDED,,,NOT_CHECKED_FULL_TEXT,NONE
ext051,Rashomon Sets for Prototypical-Part Networks: Editing Interpretable Models in Real-Time,Jon Donnelly and Zhicheng Guo and Alina Jade Barnett and Hayden McTavish and Chaofan Chen and Cynthia Rudin,2025,Proceedings of the IEEE/CVF Conference on Computer Vision and Pattern Recognition,inproceedings,[57],MATCH_BY_AUTOMATED_NORMALIZED_TITLE,NO_SEPARATE_INDEPENDENT_PUBLISHER_METADATA_CHECK_RECORDED,,,NOT_CHECKED_FULL_TEXT,NONE
ext052,ProtoLens: Advancing Prototype Learning for Fine-Grained Interpretability in Text Classification,Bowen Wei and Ziwei Zhu,2025,Proceedings of the 63rd Annual Meeting of the Association for Computational Linguistics (Volume 1: Long Papers),inproceedings,[58],MATCH_BY_AUTOMATED_NORMALIZED_TITLE,NO_SEPARATE_INDEPENDENT_PUBLISHER_METADATA_CHECK_RECORDED,,,NOT_CHECKED_FULL_TEXT,NONE
ext053,A Robust Prototype-Based Network with Interpretable RBF Classifier Foundations,Sascha Saralajew and Ashish Rana and Thomas Villmann and Ammar Shaker,2025,Proceedings of the AAAI Conference on Artificial Intelligence,article,[128],MATCH_BY_AUTOMATED_NORMALIZED_TITLE,NO_SEPARATE_INDEPENDENT_PUBLISHER_METADATA_CHECK_RECORDED,,,NOT_CHECKED_FULL_TEXT,NONE
ext054,ProtoPGTN: A Scalable Prototype-Based Gated Transformer Network for Interpretable Time Series Classification,Jinjin Huang and Ce Guo and Wayne Luk,2025,Information,article,[129],MATCH_BY_AUTOMATED_NORMALIZED_TITLE,NO_SEPARATE_INDEPENDENT_PUBLISHER_METADATA_CHECK_RECORDED,,,NOT_CHECKED_FULL_TEXT,NONE
ext055,An Interpretable Prototype Parts-Based Neural Network for Medical Tabular Data,Jacek Karolczak and Jerzy Stefanowski,2026,,misc,[130],MATCH_BY_AUTOMATED_NORMALIZED_TITLE,NO_SEPARATE_INDEPENDENT_PUBLISHER_METADATA_CHECK_RECORDED,,,NOT_CHECKED_FULL_TEXT,NONE
ext056,Deep Neural Decision Trees,Yongxin Yang and Irene Garcia Morillo and Timothy M. Hospedales,2018,,misc,[59],MATCH_BY_AUTOMATED_NORMALIZED_TITLE,NO_SEPARATE_INDEPENDENT_PUBLISHER_METADATA_CHECK_RECORDED,,,NOT_CHECKED_FULL_TEXT,NONE
ext057,NBDT: Neural-Backed Decision Tree,Alvin Wan and Lisa Dunlap and Daniel Ho and Jihan Yin and Scott Lee and Suzanne Petryk and Sarah Adel Bargal and Joseph E. Gonzalez,2021,International Conference on Learning Representations (ICLR),inproceedings,[60],MATCH_BY_AUTOMATED_NORMALIZED_TITLE,NO_SEPARATE_INDEPENDENT_PUBLISHER_METADATA_CHECK_RECORDED,,,NOT_CHECKED_FULL_TEXT,NONE
ext058,Deep Differentiable Logic Gate Networks,Felix Petersen and Christian Borgelt and Hilde Kuehne and Oliver Deussen,2022,Advances in Neural Information Processing Systems,inproceedings,[61],MATCH_BY_AUTOMATED_NORMALIZED_TITLE,NO_SEPARATE_INDEPENDENT_PUBLISHER_METADATA_CHECK_RECORDED,,,NOT_CHECKED_FULL_TEXT,NONE
ext059,Logic Explained Networks,Gabriele Ciravegna and Pietro Barbiero and Francesco Giannini and Marco Gori and Pietro Liò and Marco Maggini and Stefano Melacci,2023,Artificial Intelligence,article,[62],MATCH_BY_AUTOMATED_NORMALIZED_TITLE,NO_SEPARATE_INDEPENDENT_PUBLISHER_METADATA_CHECK_RECORDED,,,NOT_CHECKED_FULL_TEXT,NONE
ext060,Convolutional Differentiable Logic Gate Networks,Felix Petersen and Hilde Kuehne and Christian Borgelt and Julian Welzel and Stefano Ermon,2024,Advances in Neural Information Processing Systems,inproceedings,[63],MATCH_BY_AUTOMATED_NORMALIZED_TITLE,NO_SEPARATE_INDEPENDENT_PUBLISHER_METADATA_CHECK_RECORDED,,,NOT_CHECKED_FULL_TEXT,NONE
ext061,Interpretability in the Wild: A Circuit for Indirect Object Identification in GPT-2 Small,Kevin Wang and Alexandre Variengien and Arthur Conmy and Buck Shlegeris and Jacob Steinhardt,2023,International Conference on Learning Representations (ICLR),inproceedings,[131],MATCH_BY_AUTOMATED_NORMALIZED_TITLE,NO_SEPARATE_INDEPENDENT_PUBLISHER_METADATA_CHECK_RECORDED,,,NOT_CHECKED_FULL_TEXT,NONE
ext062,Towards Automated Circuit Discovery for Mechanistic Interpretability,Arthur Conmy and Augustine N. Mavor-Parker and Aengus Lynch and Stefan Heimersheim and Adrià Garriga-Alonso,2023,Advances in Neural Information Processing Systems,inproceedings,[132],MATCH_BY_AUTOMATED_NORMALIZED_TITLE,NO_SEPARATE_INDEPENDENT_PUBLISHER_METADATA_CHECK_RECORDED,,,NOT_CHECKED_FULL_TEXT,NONE
ext063,Sparse Feature Circuits: Discovering and Editing Interpretable Causal Graphs in Language Models,Samuel Marks and Can Rager and Eric J. Michaud and Yonatan Belinkov and David Bau and Aaron Mueller,2025,International Conference on Learning Representations (ICLR),inproceedings,[133],MATCH_BY_AUTOMATED_NORMALIZED_TITLE,NO_SEPARATE_INDEPENDENT_PUBLISHER_METADATA_CHECK_RECORDED,,,NOT_CHECKED_FULL_TEXT,NONE
ext064,LLM Circuit Analyses Are Consistent Across Training and Scale,Curt Tigges and Michael Hanna and Qinan Yu and Stella Biderman,2024,Advances in Neural Information Processing Systems,inproceedings,[134],MATCH_BY_AUTOMATED_NORMALIZED_TITLE,NO_SEPARATE_INDEPENDENT_PUBLISHER_METADATA_CHECK_RECORDED,,,NOT_CHECKED_FULL_TEXT,NONE
ext065,Circuit Tracing: Revealing Computational Graphs in Language Models,Trenton Bricken and Callum McDougall and Hoagy Cunningham and Thomas Henighan and Adam Jermyn and Andy Jones and Andrew Persic and Zhenyi Qi and T. Ben Thompson and Sam Zimmerman and Kelley Rivoire and Thomas Conerly and Chris Olah and Joshua Batson,2025,,misc,[135],MATCH_BY_AUTOMATED_NORMALIZED_TITLE,NO_SEPARATE_INDEPENDENT_PUBLISHER_METADATA_CHECK_RECORDED,,,NOT_CHECKED_FULL_TEXT,NONE
ext066,Weight-Sparse Transformers Have Interpretable Circuits,Leo Gao and Achyuta Rajaram and Jacob Coxon and Soham V. Govande and Bowen Baker and Dan Mossing,2025,,misc,[136],MATCH_BY_AUTOMATED_NORMALIZED_TITLE,NO_SEPARATE_INDEPENDENT_PUBLISHER_METADATA_CHECK_RECORDED,,,NOT_CHECKED_FULL_TEXT,NONE
ext067,Circuit Insights: Towards Interpretability Beyond Activations,Elena Golimblevskaia and Aakriti Jain and Bruno Puri and Ammar Elsaid Mohamed Mohamed Ibrahim and Wojciech Samek and Sebastian Lapuschkin,2026,International Conference on Learning Representations (ICLR),inproceedings,[137],MATCH_BY_AUTOMATED_NORMALIZED_TITLE,NO_SEPARATE_INDEPENDENT_PUBLISHER_METADATA_CHECK_RECORDED,,,NOT_CHECKED_FULL_TEXT,NONE
ext068,The Computational Complexity of Circuit Discovery for Inner Interpretability,Federico Adolfi and Martina G. Vilas and Todd Wareham,2025,International Conference on Learning Representations (ICLR),inproceedings,[138],MATCH_BY_AUTOMATED_NORMALIZED_TITLE,NO_SEPARATE_INDEPENDENT_PUBLISHER_METADATA_CHECK_RECORDED,,,NOT_CHECKED_FULL_TEXT,NONE
ext069,Formal Mechanistic Interpretability: Automated Circuit Discovery with Provable Guarantees,Itamar Hadad and Guy Katz and Shahaf Bassan,2026,International Conference on Learning Representations (ICLR),inproceedings,[139],MATCH_BY_AUTOMATED_NORMALIZED_TITLE,NO_SEPARATE_INDEPENDENT_PUBLISHER_METADATA_CHECK_RECORDED,,,NOT_CHECKED_FULL_TEXT,NONE
ext070,Certified Circuits: Stability Guarantees for Mechanistic Circuits,Alaa Anani and Tobias Lorenz and Bernt Schiele and Mario Fritz and Jonas Fischer,2026,International Conference on Machine Learning (ICML),inproceedings,[140],MATCH_BY_AUTOMATED_NORMALIZED_TITLE,NO_SEPARATE_INDEPENDENT_PUBLISHER_METADATA_CHECK_RECORDED,,,NOT_CHECKED_FULL_TEXT,NONE
ext071,Towards Monosemanticity: Decomposing Language Models With Dictionary Learning,Trenton Bricken and Adly Templeton and Joshua Batson and Brian Chen and Adam Jermyn and Tom Conerly and Nicholas L. Turner and Cem Anil and Carson Denison and Amanda Askell and Robert Lasenby and Yifan Wu and Shauna Kravec and Nicholas Schiefer and Tim Maxwell and Nicholas Joseph and Zac Hatfield-Dodds and Alex Tamkin and Karina Nguyen and Brayden McLean and Josiah E. Burke and Tristan Hume and Shan Carter and Tom Henighan and Chris Olah,2023,,misc,[141],MATCH_BY_AUTOMATED_NORMALIZED_TITLE,NO_SEPARATE_INDEPENDENT_PUBLISHER_METADATA_CHECK_RECORDED,,,NOT_CHECKED_FULL_TEXT,NONE
ext072,Sparse Autoencoders Find Highly Interpretable Features in Language Models,Robert Huben and Hoagy Cunningham and Logan Riggs Smith and Aidan Ewart and Lee Sharkey,2024,International Conference on Learning Representations (ICLR),inproceedings,[142],MATCH_BY_AUTOMATED_NORMALIZED_TITLE,NO_SEPARATE_INDEPENDENT_PUBLISHER_METADATA_CHECK_RECORDED,,,NOT_CHECKED_FULL_TEXT,NONE
ext073,Scaling Monosemanticity: Extracting Interpretable Features from Claude 3 Sonnet,Adly Templeton and Tom Conerly and Jonathan Marcus and Jack Lindsey and Trenton Bricken and Brian Chen and Adam Pearce and Craig Citro and Emmanuel Ameisen and Andy Jones and Hoagy Cunningham and Nicholas L. Turner and Callum McDougall and Monte MacDiarmid and Alex Tamkin and Esin Durmus and Tristan Hume and Francesco Mosconi and C. Daniel Freeman and Theodore R. Sumers and Edward Rees and Joshua Batson and Adam Jermyn and Shan Carter and Chris Olah and Tom Henighan,2024,,misc,[143],MATCH_BY_AUTOMATED_NORMALIZED_TITLE,NO_SEPARATE_INDEPENDENT_PUBLISHER_METADATA_CHECK_RECORDED,,,NOT_CHECKED_FULL_TEXT,NONE
ext074,Gemma Scope 2: Helping the AI Safety Community Deepen Understanding of Complex Language Model Behavior,Language Model Interpretability Team,2025,,misc,[144],MATCH_BY_AUTOMATED_NORMALIZED_TITLE,NO_SEPARATE_INDEPENDENT_PUBLISHER_METADATA_CHECK_RECORDED,,,NOT_CHECKED_FULL_TEXT,NONE
ext075,Decoding Dark Matter: Specialized Sparse Autoencoders for Interpreting Rare Concepts in Foundation Models,Aashiq Muhamed and Mona T. Diab and Virginia Smith,2025,Findings of the Association for Computational Linguistics: NAACL 2025,inproceedings,[145],MATCH_BY_AUTOMATED_NORMALIZED_TITLE,NO_SEPARATE_INDEPENDENT_PUBLISHER_METADATA_CHECK_RECORDED,,,NOT_CHECKED_FULL_TEXT,NONE
ext076,TIDE: Temporal-Aware Sparse Autoencoders for Interpretable Diffusion Transformers in Image Generation,Victor Shea-Jay Huang and Le Zhuo and Yi Xin and Zhaokai Wang and Fu-Yun Wang and Yuchi Wang and Renrui Zhang and Peng Gao and Hongsheng Li,2026,Proceedings of the AAAI Conference on Artificial Intelligence,article,[146],MATCH_BY_AUTOMATED_NORMALIZED_TITLE,NO_SEPARATE_INDEPENDENT_PUBLISHER_METADATA_CHECK_RECORDED,,,NOT_CHECKED_FULL_TEXT,NONE
ext077,Sparse Autoencoders Uncover Biologically Interpretable Features in Protein Language Model Representations,Onkar Gujral and Mihir Bafna and Eric Alm and Bonnie Berger,2025,Proceedings of the National Academy of Sciences,article,[147],MATCH_BY_AUTOMATED_NORMALIZED_TITLE,NO_SEPARATE_INDEPENDENT_PUBLISHER_METADATA_CHECK_RECORDED,,,NOT_CHECKED_FULL_TEXT,NONE
ext078,Emergence and Evolution of Interpretable Concepts in Diffusion Models,Berk Tinaz and Zalan Fabian and Mahdi Soltanolkotabi,2025,Advances in Neural Information Processing Systems,inproceedings,[148],MATCH_BY_AUTOMATED_NORMALIZED_TITLE,NO_SEPARATE_INDEPENDENT_PUBLISHER_METADATA_CHECK_RECORDED,,,NOT_CHECKED_FULL_TEXT,NONE
ext079,DLM-Scope: Mechanistic Interpretability of Diffusion Language Models via Sparse Autoencoders,Xu Wang and Bingqing Jiang and Yu Wan and Baosong Yang and Lingpeng Kong and Difan Zou,2026,,misc,[149],MATCH_BY_AUTOMATED_NORMALIZED_TITLE,NO_SEPARATE_INDEPENDENT_PUBLISHER_METADATA_CHECK_RECORDED,,,NOT_CHECKED_FULL_TEXT,NONE
ext080,Toy Models of Superposition,Nelson Elhage and Tristan Hume and Catherine Olsson and Nicholas Schiefer and Tom Henighan and Shauna Kravec and Zac Hatfield-Dodds and Robert Lasenby and Dawn Drain and Carol Chen and Roger Grosse and Sam McCandlish and Jared Kaplan and Dario Amodei and Martin Wattenberg and Christopher Olah,2022,,misc,[150],MATCH_BY_AUTOMATED_NORMALIZED_TITLE,NO_SEPARATE_INDEPENDENT_PUBLISHER_METADATA_CHECK_RECORDED,,,NOT_CHECKED_FULL_TEXT,NONE
ext081,Polysemanticity and Capacity in Neural Networks,Adam Scherlis and Kshitij Sachan and Adam S. Jermyn and Joe Benton and Buck Shlegeris,2022,,misc,[151],MATCH_BY_AUTOMATED_NORMALIZED_TITLE,NO_SEPARATE_INDEPENDENT_PUBLISHER_METADATA_CHECK_RECORDED,,,NOT_CHECKED_FULL_TEXT,NONE
ext082,Capturing Polysemanticity with PRISM: A Multi-Concept Feature Description Framework,Laura Kopf and Nils Feldhus and Kirill Bykov and Philine L. Bommer and Anna Hedström and Marina Höhne and Oliver Eberle,2025,Advances in Neural Information Processing Systems,inproceedings,[152],MATCH_BY_AUTOMATED_NORMALIZED_TITLE,NO_SEPARATE_INDEPENDENT_PUBLISHER_METADATA_CHECK_RECORDED,,,NOT_CHECKED_FULL_TEXT,NONE
ext083,Sparse but not Simpler: A Multi-Level Interpretability Analysis of Vision Transformers,Siyu Zhang,2026,,misc,[153],MATCH_BY_AUTOMATED_NORMALIZED_TITLE,NO_SEPARATE_INDEPENDENT_PUBLISHER_METADATA_CHECK_RECORDED,,,NOT_CHECKED_FULL_TEXT,NONE
ext084,Understanding Intermediate Layers Using Linear Classifier Probes,Guillaume Alain and Yoshua Bengio,2017,ICLR Workshop,inproceedings,[154],MATCH_BY_AUTOMATED_NORMALIZED_TITLE,NO_SEPARATE_INDEPENDENT_PUBLISHER_METADATA_CHECK_RECORDED,,,NOT_CHECKED_FULL_TEXT,NONE
ext085,"What you can cram into a single $&!#* vector: Probing sentence embeddings for linguistic properties,",Alexis Conneau and German Kruszewski and Guillaume Lample and Loïc Barrault and Marco Baroni,2018,Proceedings of the 56th Annual Meeting of the Association for Computational Linguistics (Volume 1: Long Papers),inproceedings,[155],MATCH_BY_AUTOMATED_NORMALIZED_TITLE,NO_SEPARATE_INDEPENDENT_PUBLISHER_METADATA_CHECK_RECORDED,,,NOT_CHECKED_FULL_TEXT,NONE
ext086,A Structural Probe for Finding Syntax in Word Representations,John Hewitt and Christopher D. Manning,2019,Proceedings of NAACL-HLT 2019,inproceedings,[156],MATCH_BY_AUTOMATED_NORMALIZED_TITLE,NO_SEPARATE_INDEPENDENT_PUBLISHER_METADATA_CHECK_RECORDED,,,NOT_CHECKED_FULL_TEXT,NONE
ext087,Designing and Interpreting Probes with Control Tasks,John Hewitt and Percy Liang,2019,Proceedings of EMNLP-IJCNLP 2019,inproceedings,[157],MATCH_BY_AUTOMATED_NORMALIZED_TITLE,NO_SEPARATE_INDEPENDENT_PUBLISHER_METADATA_CHECK_RECORDED,,,NOT_CHECKED_FULL_TEXT,NONE
ext088,BERT Rediscovers the Classical NLP Pipeline,Ian Tenney and Dipanjan Das and Ellie Pavlick,2019,Proceedings of the 57th Annual Meeting of the Association for Computational Linguistics,inproceedings,[158],MATCH_BY_AUTOMATED_NORMALIZED_TITLE,NO_SEPARATE_INDEPENDENT_PUBLISHER_METADATA_CHECK_RECORDED,,,NOT_CHECKED_FULL_TEXT,NONE
ext089,A Primer in BERTology: What We Know About How BERT Works,Anna Rogers and Olga Kovaleva and Anna Rumshisky,2020,Transactions of the Association for Computational Linguistics,article,[159],MATCH_BY_AUTOMATED_NORMALIZED_TITLE,NO_SEPARATE_INDEPENDENT_PUBLISHER_METADATA_CHECK_RECORDED,,,NOT_CHECKED_FULL_TEXT,NONE
ext090,Interpreting GPT: The Logit Lens,nostalgebraist,2020,,misc,[160],MATCH_BY_AUTOMATED_NORMALIZED_TITLE,NO_SEPARATE_INDEPENDENT_PUBLISHER_METADATA_CHECK_RECORDED,,,NOT_CHECKED_FULL_TEXT,NONE
ext091,Eliciting Latent Predictions from Transformers with the Tuned Lens,Nora Belrose and Zach Furman and Logan Smith and Danny Halawi and Igor Ostrovsky and Lev McKinney and Stella Biderman and Jacob Steinhardt,2023,Advances in Neural Information Processing Systems,inproceedings,[161],MATCH_BY_AUTOMATED_NORMALIZED_TITLE,NO_SEPARATE_INDEPENDENT_PUBLISHER_METADATA_CHECK_RECORDED,,,NOT_CHECKED_FULL_TEXT,NONE
ext092,LogitLens4LLMs: Extending Logit Lens Analysis to Modern Large Language Models,Zhenyu Wang,2025,,misc,[162],MATCH_BY_AUTOMATED_NORMALIZED_TITLE,NO_SEPARATE_INDEPENDENT_PUBLISHER_METADATA_CHECK_RECORDED,,,NOT_CHECKED_FULL_TEXT,NONE
ext093,Representation Engineering: A Top-Down Approach to AI Transparency,Andy Zou and Long Phan and Sarah Chen and James Campbell and Phillip Guo and Richard Ren and Alexander Pan and Xuwang Yin and Mantas Mazeika and Ann-Kathrin Dombrowski and Shashwat Goel and Nathaniel Li and Michael J. Byun and Zifan Wang and Alex Mallen and Steven Basart and Sanmi Koyejo and Dawn Song and Matt Fredrikson and Zico Kolter and Dan Hendrycks,2023,,misc,[163],MATCH_BY_AUTOMATED_NORMALIZED_TITLE,NO_SEPARATE_INDEPENDENT_PUBLISHER_METADATA_CHECK_RECORDED,,,NOT_CHECKED_FULL_TEXT,NONE
ext094,Activation Addition: Steering Language Models Without Optimization,Alexander Matt Turner and Lisa Thiergart and David Udell and Gavin Leech and Ulisse Mini and Monte MacDiarmid,2023,,misc,[164],MATCH_BY_AUTOMATED_NORMALIZED_TITLE,NO_SEPARATE_INDEPENDENT_PUBLISHER_METADATA_CHECK_RECORDED,,,NOT_CHECKED_FULL_TEXT,NONE
ext095,Steering Llama 2 via Contrastive Activation Addition,Nina Rimsky and Nick Gabrieli and Julian Schulz and Meg Tong and Evan Hubinger and Alexander Turner,2024,Proceedings of the 62nd Annual Meeting of the Association for Computational Linguistics (Volume 1: Long Papers),inproceedings,[165],MATCH_BY_AUTOMATED_NORMALIZED_TITLE,NO_SEPARATE_INDEPENDENT_PUBLISHER_METADATA_CHECK_RECORDED,,,NOT_CHECKED_FULL_TEXT,NONE
ext096,Programming Refusal with Conditional Activation Steering,Bruce W. Lee and Inkit Padhi and Karthikeyan Natesan Ramamurthy and Erik Miehling and Pierre Dognin and Manish Nagireddy and Amit Dhurandhar,2025,International Conference on Learning Representations (ICLR),inproceedings,[166],MATCH_BY_AUTOMATED_NORMALIZED_TITLE,NO_SEPARATE_INDEPENDENT_PUBLISHER_METADATA_CHECK_RECORDED,,,NOT_CHECKED_FULL_TEXT,NONE
ext097,Interpretable Steering of Large Language Models with Feature Guided Activation Additions,Samuel Soo and Chen Guang and Chandrasekaran Balaganesh and Wesley Teng and Tan Guoxian and Yan Ming,2025,Building Trust Workshop at ICLR 2025,inproceedings,[167],MATCH_BY_AUTOMATED_NORMALIZED_TITLE,NO_SEPARATE_INDEPENDENT_PUBLISHER_METADATA_CHECK_RECORDED,,,NOT_CHECKED_FULL_TEXT,NONE
ext098,The Linear Representation Hypothesis and the Geometry of Large Language Models,Kiho Park and Yo Joong Choe and Victor Veitch,2024,Proceedings of the 41st International Conference on Machine Learning,inproceedings,[168],MATCH_BY_AUTOMATED_NORMALIZED_TITLE,NO_SEPARATE_INDEPENDENT_PUBLISHER_METADATA_CHECK_RECORDED,,,NOT_CHECKED_FULL_TEXT,NONE
ext099,The Geometry of Truth: Emergent Linear Structure in Large Language Model Representations of True/False Datasets,Samuel Marks and Max Tegmark,2024,Conference on Language Modeling (COLM),inproceedings,[169],MATCH_BY_AUTOMATED_NORMALIZED_TITLE,NO_SEPARATE_INDEPENDENT_PUBLISHER_METADATA_CHECK_RECORDED,,,NOT_CHECKED_FULL_TEXT,NONE
ext100,Representational Similarity Analysis -- Connecting the Branches of Systems Neuroscience,Nikolaus Kriegeskorte and Marieke Mur and Peter A. Bandettini,2008,Frontiers in Systems Neuroscience,article,[170],MATCH_BY_AUTOMATED_NORMALIZED_TITLE,NO_SEPARATE_INDEPENDENT_PUBLISHER_METADATA_CHECK_RECORDED,,,NOT_CHECKED_FULL_TEXT,NONE
ext101,SVCCA: Singular Vector Canonical Correlation Analysis for Deep Learning Dynamics and Interpretability,Maithra Raghu and Justin Gilmer and Jason Yosinski and Jascha Sohl-Dickstein,2017,Advances in Neural Information Processing Systems,inproceedings,[171],MATCH_BY_AUTOMATED_NORMALIZED_TITLE,NO_SEPARATE_INDEPENDENT_PUBLISHER_METADATA_CHECK_RECORDED,,,NOT_CHECKED_FULL_TEXT,NONE
ext102,Insights on Representational Similarity in Neural Networks with Canonical Correlation,Ari S. Morcos and Maithra Raghu and Samy Bengio,2018,Advances in Neural Information Processing Systems,inproceedings,[172],MATCH_BY_AUTOMATED_NORMALIZED_TITLE,NO_SEPARATE_INDEPENDENT_PUBLISHER_METADATA_CHECK_RECORDED,,,NOT_CHECKED_FULL_TEXT,NONE
ext103,Similarity of Neural Network Representations Revisited,Simon Kornblith and Mohammad Norouzi and Honglak Lee and Geoffrey Hinton,2019,Proceedings of the 36th International Conference on Machine Learning,inproceedings,[173],MATCH_BY_AUTOMATED_NORMALIZED_TITLE,NO_SEPARATE_INDEPENDENT_PUBLISHER_METADATA_CHECK_RECORDED,,,NOT_CHECKED_FULL_TEXT,NONE
ext104,Null It Out: Guarding Protected Attributes by Iterative Nullspace Projection,Shauli Ravfogel and Yanai Elazar and Hila Gonen and Michael Twiton and Yoav Goldberg,2020,Proceedings of the 58th Annual Meeting of the Association for Computational Linguistics,inproceedings,[174],MATCH_BY_AUTOMATED_NORMALIZED_TITLE,NO_SEPARATE_INDEPENDENT_PUBLISHER_METADATA_CHECK_RECORDED,,,NOT_CHECKED_FULL_TEXT,NONE
ext105,Amnesic Probing: Behavioral Explanation with Amnesic Counterfactuals,Yanai Elazar and Shauli Ravfogel and Alon Jacovi and Yoav Goldberg,2021,Transactions of the Association for Computational Linguistics,article,[175],MATCH_BY_AUTOMATED_NORMALIZED_TITLE,NO_SEPARATE_INDEPENDENT_PUBLISHER_METADATA_CHECK_RECORDED,,,NOT_CHECKED_FULL_TEXT,NONE
ext106,LEACE: Perfect Linear Concept Erasure in Closed Form,Nora Belrose and David Schneider-Joseph and Shauli Ravfogel and Ryan Cotterell and Edward Raff and Stella Biderman,2023,Advances in Neural Information Processing Systems,inproceedings,[176],MATCH_BY_AUTOMATED_NORMALIZED_TITLE,NO_SEPARATE_INDEPENDENT_PUBLISHER_METADATA_CHECK_RECORDED,,,NOT_CHECKED_FULL_TEXT,NONE
ext107,Causal Mediation Analysis for Interpreting Neural NLP: The Case of Gender Bias,Jesse Vig and Sebastian Gehrmann and Yonatan Belinkov and Sharon Qian and Daniel Nevo and Simas Sakenis and Jason Huang and Yaron Singer and Stuart Shieber,2020,Advances in Neural Information Processing Systems,inproceedings,[177],MATCH_BY_AUTOMATED_NORMALIZED_TITLE,NO_SEPARATE_INDEPENDENT_PUBLISHER_METADATA_CHECK_RECORDED,,,NOT_CHECKED_FULL_TEXT,NONE
ext108,Causal Abstractions of Neural Networks,Atticus Geiger and Hanson Lu and Thomas Icard and Christopher Potts,2021,Advances in Neural Information Processing Systems,inproceedings,[178],MATCH_BY_AUTOMATED_NORMALIZED_TITLE,NO_SEPARATE_INDEPENDENT_PUBLISHER_METADATA_CHECK_RECORDED,,,NOT_CHECKED_FULL_TEXT,NONE
ext109,Inducing Causal Structure for Interpretable Neural Networks,Atticus Geiger and Zhengxuan Wu and Hanson Lu and Josh Rozner and Elisa Kreiss and Thomas Icard and Noah Goodman and Christopher Potts,2022,Proceedings of the 39th International Conference on Machine Learning,inproceedings,[179],MATCH_BY_AUTOMATED_NORMALIZED_TITLE,NO_SEPARATE_INDEPENDENT_PUBLISHER_METADATA_CHECK_RECORDED,,,NOT_CHECKED_FULL_TEXT,NONE
ext110,Finding Alignments Between Interpretable Causal Variables and Distributed Neural Representations,Atticus Geiger and Zhengxuan Wu and Christopher Potts and Thomas Icard and Noah Goodman,2024,Proceedings of the 3rd Conference on Causal Learning and Reasoning,inproceedings,[180],MATCH_BY_AUTOMATED_NORMALIZED_TITLE,NO_SEPARATE_INDEPENDENT_PUBLISHER_METADATA_CHECK_RECORDED,,,NOT_CHECKED_FULL_TEXT,NONE
ext111,Interpretability at Scale: Identifying Causal Mechanisms in Alpaca,Zhengxuan Wu and Atticus Geiger and Thomas Icard and Christopher Potts and Noah Goodman,2023,Advances in Neural Information Processing Systems,inproceedings,[181],MATCH_BY_AUTOMATED_NORMALIZED_TITLE,NO_SEPARATE_INDEPENDENT_PUBLISHER_METADATA_CHECK_RECORDED,,,NOT_CHECKED_FULL_TEXT,NONE
ext112,Causal Scrubbing: A Method for Rigorously Testing Interpretability Hypotheses,Lawrence Chan and Adrià Garriga-Alonso and Nicholas Goldowsky-Dill and Ryan Greenblatt and Jenny Nitishinskaya and Ansh Radhakrishnan and Buck Shlegeris and Nate Thomas,2022,,misc,[182],MATCH_BY_AUTOMATED_NORMALIZED_TITLE,NO_SEPARATE_INDEPENDENT_PUBLISHER_METADATA_CHECK_RECORDED,,,NOT_CHECKED_FULL_TEXT,NONE
ext113,Causal Abstraction: A Theoretical Foundation for Mechanistic Interpretability,Atticus Geiger and Duligur Ibeling and Amir Zur and Maheep Chaudhary and Sonakshi Chauhan and Jing Huang and Aryaman Arora and Zhengxuan Wu and Noah Goodman and Christopher Potts and Thomas Icard,2025,Journal of Machine Learning Research,article,[183],MATCH_BY_AUTOMATED_NORMALIZED_TITLE,NO_SEPARATE_INDEPENDENT_PUBLISHER_METADATA_CHECK_RECORDED,,,NOT_CHECKED_FULL_TEXT,NONE
ext114,Combining Causal Models for More Accurate Abstractions of Neural Networks,Theodora-Mara Pîslar and Sara Magliacane and Atticus Geiger,2025,Proceedings of the 4th Conference on Causal Learning and Reasoning,inproceedings,[184],MATCH_BY_AUTOMATED_NORMALIZED_TITLE,NO_SEPARATE_INDEPENDENT_PUBLISHER_METADATA_CHECK_RECORDED,,,NOT_CHECKED_FULL_TEXT,NONE
ext115,The Non-Linear Representation Dilemma: Is Causal Abstraction Enough for Mechanistic Interpretability?,Denis Sutter and Julian Minder and Thomas Hofmann and Tiago Pimentel,2025,Advances in Neural Information Processing Systems,inproceedings,[185],MATCH_BY_AUTOMATED_NORMALIZED_TITLE,NO_SEPARATE_INDEPENDENT_PUBLISHER_METADATA_CHECK_RECORDED,,,NOT_CHECKED_FULL_TEXT,NONE
ext116,Transformer Is Inherently a Causal Learner,Xinyue Wang and Stephen Wang and Biwei Huang,2026,,misc,[186],MATCH_BY_AUTOMATED_NORMALIZED_TITLE,NO_SEPARATE_INDEPENDENT_PUBLISHER_METADATA_CHECK_RECORDED,,,NOT_CHECKED_FULL_TEXT,NONE
ext117,Locating and Editing Factual Associations in GPT,Kevin Meng and David Bau and Alex Andonian and Yonatan Belinkov,2022,Advances in Neural Information Processing Systems,inproceedings,[187],MATCH_BY_AUTOMATED_NORMALIZED_TITLE,NO_SEPARATE_INDEPENDENT_PUBLISHER_METADATA_CHECK_RECORDED,,,NOT_CHECKED_FULL_TEXT,NONE
ext118,Attribution Patching: Activation Patching at Industrial Scale,Neel Nanda,2023,,misc,[188],MATCH_BY_AUTOMATED_NORMALIZED_TITLE,NO_SEPARATE_INDEPENDENT_PUBLISHER_METADATA_CHECK_RECORDED,,,NOT_CHECKED_FULL_TEXT,NONE
ext119,Towards Best Practices of Activation Patching in Language Models: Metrics and Methods,Fred Zhang and Neel Nanda,2024,International Conference on Learning Representations (ICLR),inproceedings,[189],MATCH_BY_AUTOMATED_NORMALIZED_TITLE,NO_SEPARATE_INDEPENDENT_PUBLISHER_METADATA_CHECK_RECORDED,,,NOT_CHECKED_FULL_TEXT,NONE
ext120,How to Use and Interpret Activation Patching,Stefan Heimersheim and Neel Nanda,2024,,misc,[190],MATCH_BY_AUTOMATED_NORMALIZED_TITLE,NO_SEPARATE_INDEPENDENT_PUBLISHER_METADATA_CHECK_RECORDED,,,NOT_CHECKED_FULL_TEXT,NONE
ext121,Attribution Patching Outperforms Automated Circuit Discovery,Aaquib Syed and Can Rager and Arthur Conmy,2024,Proceedings of the 7th BlackboxNLP Workshop: Analyzing and Interpreting Neural Networks for NLP,inproceedings,[191],MATCH_BY_AUTOMATED_NORMALIZED_TITLE,NO_SEPARATE_INDEPENDENT_PUBLISHER_METADATA_CHECK_RECORDED,,,NOT_CHECKED_FULL_TEXT,NONE
ext122,Towards Principled Evaluations of Sparse Autoencoders for Interpretability and Control,Aleksandar Makelov and Georg Lange and Neel Nanda,2025,International Conference on Learning Representations (ICLR),inproceedings,[192],MATCH_BY_AUTOMATED_NORMALIZED_TITLE,NO_SEPARATE_INDEPENDENT_PUBLISHER_METADATA_CHECK_RECORDED,,,NOT_CHECKED_FULL_TEXT,NONE
ext123,Localizing Model Behavior with Path Patching,Nicholas Goldowsky-Dill and Chris MacLeod and Lucas Sato and Aryaman Arora,2023,,misc,[193],MATCH_BY_AUTOMATED_NORMALIZED_TITLE,NO_SEPARATE_INDEPENDENT_PUBLISHER_METADATA_CHECK_RECORDED,,,NOT_CHECKED_FULL_TEXT,NONE
ext124,Efficient Automated Circuit Discovery in Transformers using Contextual Decomposition,Aliyah R. Hsu and Georgia Zhou and Yeshwanth Cherapanamjeri and Yaxuan Huang and Anobel Y. Odisho and Peter R. Carroll and Bin Yu,2025,International Conference on Learning Representations (ICLR),inproceedings,[194],MATCH_BY_AUTOMATED_NORMALIZED_TITLE,NO_SEPARATE_INDEPENDENT_PUBLISHER_METADATA_CHECK_RECORDED,,,NOT_CHECKED_FULL_TEXT,NONE
ext125,Visualizing Higher-Layer Features of a Deep Network,Dumitru Erhan and Yoshua Bengio and Aaron Courville and Pascal Vincent,2009,,techreport,[195],MATCH_BY_AUTOMATED_NORMALIZED_TITLE,NO_SEPARATE_INDEPENDENT_PUBLISHER_METADATA_CHECK_RECORDED,,,NOT_CHECKED_FULL_TEXT,NONE
ext126,Visualizing and Understanding Convolutional Networks,Matthew D. Zeiler and Rob Fergus,2014,Computer Vision -- ECCV 2014,inproceedings,[196],MATCH_BY_AUTOMATED_NORMALIZED_TITLE,NO_SEPARATE_INDEPENDENT_PUBLISHER_METADATA_CHECK_RECORDED,,,NOT_CHECKED_FULL_TEXT,NONE
ext127,Inceptionism: Going Deeper into Neural Networks,Alexander Mordvintsev and Christopher Olah and Mike Tyka,2015,,misc,[197],MATCH_BY_AUTOMATED_NORMALIZED_TITLE,NO_SEPARATE_INDEPENDENT_PUBLISHER_METADATA_CHECK_RECORDED,,,NOT_CHECKED_FULL_TEXT,NONE
ext128,Understanding Neural Networks Through Deep Visualization,Jason Yosinski and Jeff Clune and Anh Nguyen and Thomas Fuchs and Hod Lipson,2015,ICML Deep Learning Workshop,inproceedings,[198],MATCH_BY_AUTOMATED_NORMALIZED_TITLE,NO_SEPARATE_INDEPENDENT_PUBLISHER_METADATA_CHECK_RECORDED,,,NOT_CHECKED_FULL_TEXT,NONE
ext129,Multifaceted Feature Visualization: Uncovering the Different Types of Features Learned By Each Neuron in Deep Neural Networks,Anh Nguyen and Jason Yosinski and Jeff Clune,2016,ICML Workshop on Visualization for Deep Learning,inproceedings,[199],MATCH_BY_AUTOMATED_NORMALIZED_TITLE,NO_SEPARATE_INDEPENDENT_PUBLISHER_METADATA_CHECK_RECORDED,,,NOT_CHECKED_FULL_TEXT,NONE
ext130,Feature Visualization,Chris Olah and Alexander Mordvintsev and Ludwig Schubert,2017,Distill,article,[200],MATCH_BY_AUTOMATED_NORMALIZED_TITLE,NO_SEPARATE_INDEPENDENT_PUBLISHER_METADATA_CHECK_RECORDED,,,NOT_CHECKED_FULL_TEXT,NONE
ext131,Network Dissection: Quantifying Interpretability of Deep Visual Representations,David Bau and Bolei Zhou and Aditya Khosla and Aude Oliva and Antonio Torralba,2017,Proceedings of the IEEE Conference on Computer Vision and Pattern Recognition,inproceedings,[201],MATCH_BY_AUTOMATED_NORMALIZED_TITLE,NO_SEPARATE_INDEPENDENT_PUBLISHER_METADATA_CHECK_RECORDED,,,NOT_CHECKED_FULL_TEXT,NONE
ext132,GAN Dissection: Visualizing and Understanding Generative Adversarial Networks,David Bau and Jun-Yan Zhu and Hendrik Strobelt and Bolei Zhou and Joshua B. Tenenbaum and William T. Freeman and Antonio Torralba,2019,International Conference on Learning Representations (ICLR),inproceedings,[202],MATCH_BY_AUTOMATED_NORMALIZED_TITLE,NO_SEPARATE_INDEPENDENT_PUBLISHER_METADATA_CHECK_RECORDED,,,NOT_CHECKED_FULL_TEXT,NONE
ext133,Activation Atlas,Shan Carter and Zan Armstrong and Ludwig Schubert and Ian Johnson and Chris Olah,2019,Distill,article,[203],MATCH_BY_AUTOMATED_NORMALIZED_TITLE,NO_SEPARATE_INDEPENDENT_PUBLISHER_METADATA_CHECK_RECORDED,,,NOT_CHECKED_FULL_TEXT,NONE
ext134,Unlocking Feature Visualization for Deeper Networks with MAgnitude Constrained Optimization,Thomas Fel and Thibaut Boissin and Victor Boutin and Agustin Picard and Paul Novello and Julien Colin and Drew Linsley and Tom Rousseau and Rémi Cadène and Lore Goetschalckx and Laurent Gardes and Thomas Serre,2023,Advances in Neural Information Processing Systems,inproceedings,[204],MATCH_BY_AUTOMATED_NORMALIZED_TITLE,NO_SEPARATE_INDEPENDENT_PUBLISHER_METADATA_CHECK_RECORDED,,,NOT_CHECKED_FULL_TEXT,NONE
ext135,InfoGAN: Interpretable Representation Learning by Information Maximizing Generative Adversarial Nets,Xi Chen and Yan Duan and Rein Houthooft and John Schulman and Ilya Sutskever and Pieter Abbeel,2016,Advances in Neural Information Processing Systems,inproceedings,[205],MATCH_BY_AUTOMATED_NORMALIZED_TITLE,NO_SEPARATE_INDEPENDENT_PUBLISHER_METADATA_CHECK_RECORDED,,,NOT_CHECKED_FULL_TEXT,NONE
ext136,Beta-VAE: Learning Basic Visual Concepts with a Constrained Variational Framework,Irina Higgins and Loïc Matthey and Arka Pal and Christopher P. Burgess and Xavier Glorot and Matthew M. Botvinick and Shakir Mohamed and Alexander Lerchner,2017,International Conference on Learning Representations (ICLR),inproceedings,[206],MATCH_BY_AUTOMATED_NORMALIZED_TITLE,NO_SEPARATE_INDEPENDENT_PUBLISHER_METADATA_CHECK_RECORDED,,,NOT_CHECKED_FULL_TEXT,NONE
ext137,A Framework for the Quantitative Evaluation of Disentangled Representations,Cian Eastwood and Christopher K. I. Williams,2018,International Conference on Learning Representations (ICLR),inproceedings,[207],MATCH_BY_AUTOMATED_NORMALIZED_TITLE,NO_SEPARATE_INDEPENDENT_PUBLISHER_METADATA_CHECK_RECORDED,,,NOT_CHECKED_FULL_TEXT,NONE
ext138,Disentangling by Factorising,Hyunjik Kim and Andriy Mnih,2018,Proceedings of the 35th International Conference on Machine Learning,inproceedings,[208],MATCH_BY_AUTOMATED_NORMALIZED_TITLE,NO_SEPARATE_INDEPENDENT_PUBLISHER_METADATA_CHECK_RECORDED,,,NOT_CHECKED_FULL_TEXT,NONE
ext139,Isolating Sources of Disentanglement in Variational Autoencoders,Ricky T. Q. Chen and Xuechen Li and Roger B. Grosse and David K. Duvenaud,2018,Advances in Neural Information Processing Systems,inproceedings,[209],MATCH_BY_AUTOMATED_NORMALIZED_TITLE,NO_SEPARATE_INDEPENDENT_PUBLISHER_METADATA_CHECK_RECORDED,,,NOT_CHECKED_FULL_TEXT,NONE
ext140,Towards a Definition of Disentangled Representations,Irina Higgins and David Amos and David Pfau and Sebastien Racaniere and Loic Matthey and Danilo Rezende and Alexander Lerchner,2018,,misc,[210],MATCH_BY_AUTOMATED_NORMALIZED_TITLE,NO_SEPARATE_INDEPENDENT_PUBLISHER_METADATA_CHECK_RECORDED,,,NOT_CHECKED_FULL_TEXT,NONE
ext141,Challenging Common Assumptions in the Unsupervised Learning of Disentangled Representations,Francesco Locatello and Stefan Bauer and Mario Lucic and Gunnar Raetsch and Sylvain Gelly and Bernhard Schölkopf and Olivier Bachem,2019,Proceedings of the 36th International Conference on Machine Learning,inproceedings,[211],MATCH_BY_AUTOMATED_NORMALIZED_TITLE,NO_SEPARATE_INDEPENDENT_PUBLISHER_METADATA_CHECK_RECORDED,,,NOT_CHECKED_FULL_TEXT,NONE
ext142,DCI-ES: An Extended Disentanglement Framework with Connections to Identifiability,Cian Eastwood and Andrei Liviu Nicolicioiu and Julius von Kügelgen and Armin Kekić and Frederik Träuble and Andrea Dittadi and Bernhard Schölkopf,2023,International Conference on Learning Representations (ICLR),inproceedings,[212],MATCH_BY_AUTOMATED_NORMALIZED_TITLE,NO_SEPARATE_INDEPENDENT_PUBLISHER_METADATA_CHECK_RECORDED,,,NOT_CHECKED_FULL_TEXT,NONE
ext143,Graph-based Unsupervised Disentangled Representation Learning via Multimodal Large Language Models,Baao Xie and Qiuyu Chen and Yunnan Wang and Zequn Zhang and Xin Jin and Wenjun Zeng,2024,Advances in Neural Information Processing Systems,inproceedings,[213],MATCH_BY_AUTOMATED_NORMALIZED_TITLE,NO_SEPARATE_INDEPENDENT_PUBLISHER_METADATA_CHECK_RECORDED,,,NOT_CHECKED_FULL_TEXT,NONE
ext144,Disentangled Representation Learning with the Gromov-Monge Gap,Théo Uscidda and Luca Eyring and Karsten Roth and Fabian Theis and Zeynep Akata and Marco Cuturi,2025,International Conference on Learning Representations (ICLR),inproceedings,[214],MATCH_BY_AUTOMATED_NORMALIZED_TITLE,NO_SEPARATE_INDEPENDENT_PUBLISHER_METADATA_CHECK_RECORDED,,,NOT_CHECKED_FULL_TEXT,NONE
ext145,Disentangling Disentangled Representations: Towards Improved Latent Units via Diffusion Models,Youngjun Jun and Jiwoo Park and Kyobin Choo and Tae Eun Choi and Seong Jae Hwang,2025,Proceedings of the IEEE/CVF Winter Conference on Applications of Computer Vision,inproceedings,[215],MATCH_BY_AUTOMATED_NORMALIZED_TITLE,NO_SEPARATE_INDEPENDENT_PUBLISHER_METADATA_CHECK_RECORDED,,,NOT_CHECKED_FULL_TEXT,NONE
ext146,KAN 2.0: Kolmogorov-Arnold Networks Meet Science,Ziming Liu and Pingchuan Ma and Yixuan Wang and Wojciech Matusik and Max Tegmark,2024,,misc,[115],MATCH_BY_AUTOMATED_NORMALIZED_TITLE,NO_SEPARATE_INDEPENDENT_PUBLISHER_METADATA_CHECK_RECORDED,,,NOT_CHECKED_FULL_TEXT,NONE
ext147,Kolmogorov-Arnold Networks Meet Science,Ziming Liu and Max Tegmark and Pingchuan Ma and Wojciech Matusik and Yixuan Wang,2025,Physical Review X,article,[116],MATCH_BY_AUTOMATED_NORMALIZED_TITLE,NO_SEPARATE_INDEPENDENT_PUBLISHER_METADATA_CHECK_RECORDED,,,NOT_CHECKED_FULL_TEXT,NONE
ext148,Kolmogorov-Arnold Graph Neural Networks for Molecular Property Prediction,Longlong Li and Yipeng Zhang and Guanghui Wang and Kelin Xia,2025,Nature Machine Intelligence,article,[117],MATCH_BY_AUTOMATED_NORMALIZED_TITLE,NO_SEPARATE_INDEPENDENT_PUBLISHER_METADATA_CHECK_RECORDED,,,NOT_CHECKED_FULL_TEXT,NONE
ext149,"CoxKAN: Kolmogorov-Arnold Networks for Interpretable, High-Performance Survival Analysis",William Knottenbelt and William McGough and Rebecca Wray and Woody Zhidong Zhang and Jiashuai Liu and Ines Prata Machado and Zeyu Gao and Mireia Crispin-Ortuzar,2025,Bioinformatics,article,[118],MATCH_BY_AUTOMATED_NORMALIZED_TITLE,NO_SEPARATE_INDEPENDENT_PUBLISHER_METADATA_CHECK_RECORDED,,,NOT_CHECKED_FULL_TEXT,NONE
ext150,Interpretable Kolmogorov-Arnold Networks for Enzyme Commission Number Prediction,Louis Dumontet and So-Ra Han and Axel Prouvost and Jun Hyuck Lee and Tae-Jin Oh and Mingon Kang,2026,npj Artificial Intelligence,article,[119],MATCH_BY_AUTOMATED_NORMALIZED_TITLE,NO_SEPARATE_INDEPENDENT_PUBLISHER_METADATA_CHECK_RECORDED,,,NOT_CHECKED_FULL_TEXT,NONE
ext151,KAN-AFT: An Interpretable Nonlinear Survival Model Integrating Kolmogorov-Arnold Networks with Accelerated Failure Time Analysis,Mebin Jose and Jisha Francis and Sudheesh Kumar Kattumannil,2025,,misc,[120],MATCH_BY_AUTOMATED_NORMALIZED_TITLE,NO_SEPARATE_INDEPENDENT_PUBLISHER_METADATA_CHECK_RECORDED,,,NOT_CHECKED_FULL_TEXT,NONE
ext152,Sparse Interpretable Deep Learning with LIES Networks for Symbolic Regression,Mansooreh Montazerin and Majd Al Aawar and Antonio Ortega and Ajitesh Srivastava,2025,,misc,[121],MATCH_BY_AUTOMATED_NORMALIZED_TITLE,NO_SEPARATE_INDEPENDENT_PUBLISHER_METADATA_CHECK_RECORDED,,,NOT_CHECKED_FULL_TEXT,NONE
