row_id,bib_key,title,year,carrier_family,evidence_role,attack_or_failure_locus,primary_ics_focus,verification_status,source_basis,title_year_match_context_corpus,manuscript_reference_number,pdf_bibliography_title_match,normalized_evidence_class,original_paper_content_verified,P1_manuscript_topic,P2_manuscript_topic,P3_manuscript_topic,P4_manuscript_topic,P5_manuscript_topic,P6_manuscript_topic,P1_to_P6_direct_adjacent_status,external_original_source_url,external_abstract_check_note,independent_original_source_check,high_level_external_topic_check
1,alvarez2018senn,Towards Robust Interpretability with Self-Explaining Neural Networks,2018,Self-explaining / concept,architecture,carrier,carrier integrity; audit reliability,AUTHOR_REPORTED_SOURCE_REVIEW_2026-09-22,Curated manuscript evidence record; submitting author reports checking all cited source publications on 2026-09-22. Source-page locators for every individual code are not recorded in this row.,YES,[2],MATCH_BY_AUTOMATED_NORMALIZED_TITLE,carrier-defining architecture,AUTHOR_REPORTS_SOURCE_REVIEW; NO_INDEPENDENT_FULL_TEXT_AUDIT_IN_THIS_PACKAGE,NOT_SPECIFIED_IN_MANUSCRIPT_CODE,MENTIONED_IN_MANUSCRIPT_CODE,NOT_SPECIFIED_IN_MANUSCRIPT_CODE,NOT_SPECIFIED_IN_MANUSCRIPT_CODE,MENTIONED_IN_MANUSCRIPT_CODE,NOT_SPECIFIED_IN_MANUSCRIPT_CODE,NO_PER_STUDY_P1_TO_P6_DIRECT_ADJACENT_MATRIX_RECORDED,https://papers.nips.cc/paper_files/paper/2018/hash/3e9f0fc9b2f89e043bc6233994dfcf76-Abstract.html,architecture and stability motivation,ABSTRACT_ONLY_NOT_FULL_TEXT_VERIFIED,PUBLICATION_ABSTRACT_COMPATIBLE_WITH_HIGH_LEVEL_TOPIC
2,zheng2019sem,Analyzing the Interpretability Robustness of Self-Explaining Models,2019,Self-explaining / concept,direct attack,input,carrier integrity,AUTHOR_REPORTED_SOURCE_REVIEW_2026-09-22,Curated manuscript evidence record; submitting author reports checking all cited source publications on 2026-09-22. Source-page locators for every individual code are not recorded in this row.,YES,[22],MATCH_BY_AUTOMATED_NORMALIZED_TITLE,direct security evidence,AUTHOR_REPORTS_SOURCE_REVIEW; NO_INDEPENDENT_FULL_TEXT_AUDIT_IN_THIS_PACKAGE,NOT_SPECIFIED_IN_MANUSCRIPT_CODE,MENTIONED_IN_MANUSCRIPT_CODE,NOT_SPECIFIED_IN_MANUSCRIPT_CODE,NOT_SPECIFIED_IN_MANUSCRIPT_CODE,NOT_SPECIFIED_IN_MANUSCRIPT_CODE,NOT_SPECIFIED_IN_MANUSCRIPT_CODE,NO_PER_STUDY_P1_TO_P6_DIRECT_ADJACENT_MATRIX_RECORDED,https://arxiv.org/abs/1905.12429,input perturbations can shift explanations while outputs stay fixed; preprint,ABSTRACT_ONLY_NOT_FULL_TEXT_VERIFIED,PUBLICATION_ABSTRACT_COMPATIBLE_WITH_HIGH_LEVEL_TOPIC
3,koh2020cbm,Concept Bottleneck Models,2020,Self-explaining / concept,architecture,carrier/intervention,semantic alignment; intervention safety,AUTHOR_REPORTED_SOURCE_REVIEW_2026-09-22,Curated manuscript evidence record; submitting author reports checking all cited source publications on 2026-09-22. Source-page locators for every individual code are not recorded in this row.,YES,[3],MATCH_BY_AUTOMATED_NORMALIZED_TITLE,carrier-defining architecture,AUTHOR_REPORTS_SOURCE_REVIEW; NO_INDEPENDENT_FULL_TEXT_AUDIT_IN_THIS_PACKAGE,NOT_SPECIFIED_IN_MANUSCRIPT_CODE,NOT_SPECIFIED_IN_MANUSCRIPT_CODE,MENTIONED_IN_MANUSCRIPT_CODE,MENTIONED_IN_MANUSCRIPT_CODE,NOT_SPECIFIED_IN_MANUSCRIPT_CODE,NOT_SPECIFIED_IN_MANUSCRIPT_CODE,NO_PER_STUDY_P1_TO_P6_DIRECT_ADJACENT_MATRIX_RECORDED,,,NOT_CHECKED_FULL_TEXT,NOT_CHECKED
4,zarlenga2022cem,Concept Embedding Models: Beyond the Accuracy-Explainability Trade-Off,2022,Self-explaining / concept,architecture,carrier/intervention,semantic alignment; intervention safety,AUTHOR_REPORTED_SOURCE_REVIEW_2026-09-22,Curated manuscript evidence record; submitting author reports checking all cited source publications on 2026-09-22. Source-page locators for every individual code are not recorded in this row.,YES,[23],MATCH_BY_AUTOMATED_NORMALIZED_TITLE,carrier-defining architecture,AUTHOR_REPORTS_SOURCE_REVIEW; NO_INDEPENDENT_FULL_TEXT_AUDIT_IN_THIS_PACKAGE,NOT_SPECIFIED_IN_MANUSCRIPT_CODE,NOT_SPECIFIED_IN_MANUSCRIPT_CODE,MENTIONED_IN_MANUSCRIPT_CODE,MENTIONED_IN_MANUSCRIPT_CODE,NOT_SPECIFIED_IN_MANUSCRIPT_CODE,NOT_SPECIFIED_IN_MANUSCRIPT_CODE,NO_PER_STUDY_P1_TO_P6_DIRECT_ADJACENT_MATRIX_RECORDED,,,NOT_CHECKED_FULL_TEXT,NOT_CHECKED
5,yuksekgonul2023pcbm,Post-hoc Concept Bottleneck Models,2023,Self-explaining / concept,architecture/editing,carrier/intervention,intervention safety,AUTHOR_REPORTED_SOURCE_REVIEW_2026-09-22,Curated manuscript evidence record; submitting author reports checking all cited source publications on 2026-09-22. Source-page locators for every individual code are not recorded in this row.,YES,[24],MATCH_BY_AUTOMATED_NORMALIZED_TITLE,carrier-defining architecture,AUTHOR_REPORTS_SOURCE_REVIEW; NO_INDEPENDENT_FULL_TEXT_AUDIT_IN_THIS_PACKAGE,NOT_SPECIFIED_IN_MANUSCRIPT_CODE,NOT_SPECIFIED_IN_MANUSCRIPT_CODE,NOT_SPECIFIED_IN_MANUSCRIPT_CODE,MENTIONED_IN_MANUSCRIPT_CODE,NOT_SPECIFIED_IN_MANUSCRIPT_CODE,NOT_SPECIFIED_IN_MANUSCRIPT_CODE,NO_PER_STUDY_P1_TO_P6_DIRECT_ADJACENT_MATRIX_RECORDED,,,NOT_CHECKED_FULL_TEXT,NOT_CHECKED
6,oikarinen2023lfcbm,Label-free Concept Bottleneck Models,2023,Self-explaining / concept,architecture,carrier,semantic alignment,AUTHOR_REPORTED_SOURCE_REVIEW_2026-09-22,Curated manuscript evidence record; submitting author reports checking all cited source publications on 2026-09-22. Source-page locators for every individual code are not recorded in this row.,YES,[25],MATCH_BY_AUTOMATED_NORMALIZED_TITLE,carrier-defining architecture,AUTHOR_REPORTS_SOURCE_REVIEW; NO_INDEPENDENT_FULL_TEXT_AUDIT_IN_THIS_PACKAGE,NOT_SPECIFIED_IN_MANUSCRIPT_CODE,NOT_SPECIFIED_IN_MANUSCRIPT_CODE,MENTIONED_IN_MANUSCRIPT_CODE,NOT_SPECIFIED_IN_MANUSCRIPT_CODE,NOT_SPECIFIED_IN_MANUSCRIPT_CODE,NOT_SPECIFIED_IN_MANUSCRIPT_CODE,NO_PER_STUDY_P1_TO_P6_DIRECT_ADJACENT_MATRIX_RECORDED,,,NOT_CHECKED_FULL_TEXT,NOT_CHECKED
7,chauhan2023interactive,Interactive Concept Bottleneck Models,2023,Self-explaining / concept,reliability,intervention,intervention safety,AUTHOR_REPORTED_SOURCE_REVIEW_2026-09-22,Curated manuscript evidence record; submitting author reports checking all cited source publications on 2026-09-22. Source-page locators for every individual code are not recorded in this row.,YES,[26],MATCH_BY_AUTOMATED_NORMALIZED_TITLE,direct reliability evidence,AUTHOR_REPORTS_SOURCE_REVIEW; NO_INDEPENDENT_FULL_TEXT_AUDIT_IN_THIS_PACKAGE,NOT_SPECIFIED_IN_MANUSCRIPT_CODE,NOT_SPECIFIED_IN_MANUSCRIPT_CODE,NOT_SPECIFIED_IN_MANUSCRIPT_CODE,MENTIONED_IN_MANUSCRIPT_CODE,NOT_SPECIFIED_IN_MANUSCRIPT_CODE,NOT_SPECIFIED_IN_MANUSCRIPT_CODE,NO_PER_STUDY_P1_TO_P6_DIRECT_ADJACENT_MATRIX_RECORDED,,,NOT_CHECKED_FULL_TEXT,NOT_CHECKED
8,sinha2023robust,Understanding and Enhancing Robustness of Concept-Based Models,2023,Self-explaining / concept,direct security,input,predictive integrity; carrier integrity,AUTHOR_REPORTED_SOURCE_REVIEW_2026-09-22,Curated manuscript evidence record; submitting author reports checking all cited source publications on 2026-09-22. Source-page locators for every individual code are not recorded in this row.,YES,[27],MATCH_BY_AUTOMATED_NORMALIZED_TITLE,direct security evidence,AUTHOR_REPORTS_SOURCE_REVIEW; NO_INDEPENDENT_FULL_TEXT_AUDIT_IN_THIS_PACKAGE,MENTIONED_IN_MANUSCRIPT_CODE,MENTIONED_IN_MANUSCRIPT_CODE,NOT_SPECIFIED_IN_MANUSCRIPT_CODE,NOT_SPECIFIED_IN_MANUSCRIPT_CODE,NOT_SPECIFIED_IN_MANUSCRIPT_CODE,NOT_SPECIFIED_IN_MANUSCRIPT_CODE,NO_PER_STUDY_P1_TO_P6_DIRECT_ADJACENT_MATRIX_RECORDED,,,NOT_CHECKED_FULL_TEXT,NOT_CHECKED
9,shin2023intervention,A Closer Look at the Intervention Procedure of Concept Bottleneck Models,2023,Self-explaining / concept,direct reliability,intervention,intervention safety,AUTHOR_REPORTED_SOURCE_REVIEW_2026-09-22,Curated manuscript evidence record; submitting author reports checking all cited source publications on 2026-09-22. Source-page locators for every individual code are not recorded in this row.,YES,[29],MATCH_BY_AUTOMATED_NORMALIZED_TITLE,direct reliability evidence,AUTHOR_REPORTS_SOURCE_REVIEW; NO_INDEPENDENT_FULL_TEXT_AUDIT_IN_THIS_PACKAGE,NOT_SPECIFIED_IN_MANUSCRIPT_CODE,NOT_SPECIFIED_IN_MANUSCRIPT_CODE,NOT_SPECIFIED_IN_MANUSCRIPT_CODE,MENTIONED_IN_MANUSCRIPT_CODE,NOT_SPECIFIED_IN_MANUSCRIPT_CODE,NOT_SPECIFIED_IN_MANUSCRIPT_CODE,NO_PER_STUDY_P1_TO_P6_DIRECT_ADJACENT_MATRIX_RECORDED,https://proceedings.mlr.press/v202/shin23a.html,intervention choice and granularity affect outcomes,ABSTRACT_ONLY_NOT_FULL_TEXT_VERIFIED,PUBLICATION_ABSTRACT_COMPATIBLE_WITH_HIGH_LEVEL_TOPIC
10,lai2026cat,Multimodal Deception in Explainable AI: Concept-Level Backdoor Attacks on Concept Bottleneck Models,2026,Self-explaining / concept,direct security,training/carrier,predictive integrity; carrier integrity; semantic alignment,AUTHOR_REPORTED_SOURCE_REVIEW_2026-09-22,Curated manuscript evidence record; submitting author reports checking all cited source publications on 2026-09-22. Source-page locators for every individual code are not recorded in this row.,YES,[32],MATCH_BY_AUTOMATED_NORMALIZED_TITLE,direct security evidence,AUTHOR_REPORTS_SOURCE_REVIEW; NO_INDEPENDENT_FULL_TEXT_AUDIT_IN_THIS_PACKAGE,MENTIONED_IN_MANUSCRIPT_CODE,MENTIONED_IN_MANUSCRIPT_CODE,MENTIONED_IN_MANUSCRIPT_CODE,NOT_SPECIFIED_IN_MANUSCRIPT_CODE,NOT_SPECIFIED_IN_MANUSCRIPT_CODE,NOT_SPECIFIED_IN_MANUSCRIPT_CODE,NO_PER_STUDY_P1_TO_P6_DIRECT_ADJACENT_MATRIX_RECORDED,https://www.jmlr.org/tmlr/papers/,concept-level backdoor attacks on CBMs,ABSTRACT_ONLY_NOT_FULL_TEXT_VERIFIED,PUBLICATION_ABSTRACT_COMPATIBLE_WITH_HIGH_LEVEL_TOPIC
11,enouen2026debug,Debugging Concept Bottleneck Models through Removal and Retraining,2026,Self-explaining / concept,direct reliability,carrier/training (shortcut mitigation; no explicit adversarial threat model in published abstract),semantic alignment,AUTHOR_REPORTED_SOURCE_REVIEW_2026-09-22,Curated manuscript evidence record; submitting author reports checking all cited source publications on 2026-09-22. Source-page locators for every individual code are not recorded in this row.,YES,[31],MATCH_BY_AUTOMATED_NORMALIZED_TITLE,direct reliability evidence,AUTHOR_REPORTS_SOURCE_REVIEW; NO_INDEPENDENT_FULL_TEXT_AUDIT_IN_THIS_PACKAGE,NOT_SPECIFIED_IN_MANUSCRIPT_CODE,NOT_SPECIFIED_IN_MANUSCRIPT_CODE,MENTIONED_IN_MANUSCRIPT_CODE,NOT_SPECIFIED_IN_MANUSCRIPT_CODE,NOT_SPECIFIED_IN_MANUSCRIPT_CODE,NOT_SPECIFIED_IN_MANUSCRIPT_CODE,NO_PER_STUDY_P1_TO_P6_DIRECT_ADJACENT_MATRIX_RECORDED,https://proceedings.iclr.cc/paper_files/paper/2026/hash/03d113a060c0ac93a5859517a0f07271-Abstract-Conference.html,ICLR 2026 original abstract describes debugging/removal/retraining for spurious correlations; NOT an explicit adaptive security attack evaluation,PUBLISHER_ABSTRACT_REVIEWED_NOT_FULL_TEXT_VERIFIED,ICLR_ORIGINAL_ABSTRACT_REVIEWED_FOR_TOPIC_AND_EVIDENCE_ROLE
12,chen2019protopnet,This Looks like That: Deep Learning for Interpretable Image Recognition,2019,Prototype / example-based,architecture,carrier,semantic alignment,AUTHOR_REPORTED_SOURCE_REVIEW_2026-09-22,Curated manuscript evidence record; submitting author reports checking all cited source publications on 2026-09-22. Source-page locators for every individual code are not recorded in this row.,YES,[4],MATCH_BY_AUTOMATED_NORMALIZED_TITLE,carrier-defining architecture,AUTHOR_REPORTS_SOURCE_REVIEW; NO_INDEPENDENT_FULL_TEXT_AUDIT_IN_THIS_PACKAGE,NOT_SPECIFIED_IN_MANUSCRIPT_CODE,NOT_SPECIFIED_IN_MANUSCRIPT_CODE,MENTIONED_IN_MANUSCRIPT_CODE,NOT_SPECIFIED_IN_MANUSCRIPT_CODE,NOT_SPECIFIED_IN_MANUSCRIPT_CODE,NOT_SPECIFIED_IN_MANUSCRIPT_CODE,NO_PER_STUDY_P1_TO_P6_DIRECT_ADJACENT_MATRIX_RECORDED,,,NOT_CHECKED_FULL_TEXT,NOT_CHECKED
13,nauta2021prototree,Neural Prototype Trees for Interpretable Fine-Grained Image Recognition,2021,Prototype / example-based,architecture,carrier,audit reliability,AUTHOR_REPORTED_SOURCE_REVIEW_2026-09-22,Curated manuscript evidence record; submitting author reports checking all cited source publications on 2026-09-22. Source-page locators for every individual code are not recorded in this row.,YES,[5],MATCH_BY_AUTOMATED_NORMALIZED_TITLE,carrier-defining architecture,AUTHOR_REPORTS_SOURCE_REVIEW; NO_INDEPENDENT_FULL_TEXT_AUDIT_IN_THIS_PACKAGE,NOT_SPECIFIED_IN_MANUSCRIPT_CODE,NOT_SPECIFIED_IN_MANUSCRIPT_CODE,NOT_SPECIFIED_IN_MANUSCRIPT_CODE,NOT_SPECIFIED_IN_MANUSCRIPT_CODE,MENTIONED_IN_MANUSCRIPT_CODE,NOT_SPECIFIED_IN_MANUSCRIPT_CODE,NO_PER_STUDY_P1_TO_P6_DIRECT_ADJACENT_MATRIX_RECORDED,,,NOT_CHECKED_FULL_TEXT,NOT_CHECKED
14,nauta2023pipnet,"PIP-Net: Patch-based intuitive prototypes for interpretable image classification,",2023,Prototype / example-based,architecture/reliability,carrier,semantic alignment; audit reliability,AUTHOR_REPORTED_SOURCE_REVIEW_2026-09-22,Curated manuscript evidence record; submitting author reports checking all cited source publications on 2026-09-22. Source-page locators for every individual code are not recorded in this row.,YES,[33],MATCH_BY_AUTOMATED_NORMALIZED_TITLE,carrier-defining architecture + adjacent reliability,AUTHOR_REPORTS_SOURCE_REVIEW; NO_INDEPENDENT_FULL_TEXT_AUDIT_IN_THIS_PACKAGE,NOT_SPECIFIED_IN_MANUSCRIPT_CODE,NOT_SPECIFIED_IN_MANUSCRIPT_CODE,MENTIONED_IN_MANUSCRIPT_CODE,NOT_SPECIFIED_IN_MANUSCRIPT_CODE,MENTIONED_IN_MANUSCRIPT_CODE,NOT_SPECIFIED_IN_MANUSCRIPT_CODE,NO_PER_STUDY_P1_TO_P6_DIRECT_ADJACENT_MATRIX_RECORDED,,,NOT_CHECKED_FULL_TEXT,NOT_CHECKED
15,huang2023prototype,Evaluation and Improvement of Interpretability for Self-Explainable Part-Prototype Networks,2023,Prototype / example-based,direct reliability,input,carrier integrity; audit reliability,AUTHOR_REPORTED_SOURCE_REVIEW_2026-09-22,Curated manuscript evidence record; submitting author reports checking all cited source publications on 2026-09-22. Source-page locators for every individual code are not recorded in this row.,YES,[34],MATCH_BY_AUTOMATED_NORMALIZED_TITLE,direct reliability evidence,AUTHOR_REPORTS_SOURCE_REVIEW; NO_INDEPENDENT_FULL_TEXT_AUDIT_IN_THIS_PACKAGE,NOT_SPECIFIED_IN_MANUSCRIPT_CODE,MENTIONED_IN_MANUSCRIPT_CODE,NOT_SPECIFIED_IN_MANUSCRIPT_CODE,NOT_SPECIFIED_IN_MANUSCRIPT_CODE,MENTIONED_IN_MANUSCRIPT_CODE,NOT_SPECIFIED_IN_MANUSCRIPT_CODE,NO_PER_STUDY_P1_TO_P6_DIRECT_ADJACENT_MATRIX_RECORDED,https://openaccess.thecvf.com/content/ICCV2023/html/Huang_Evaluation_and_Improvement_of_Interpretability_for_Self-Explainable_Part-Prototype_Networks_ICCV_2023_paper.html,prototype consistency and stability,ABSTRACT_ONLY_NOT_FULL_TEXT_VERIFIED,PUBLICATION_ABSTRACT_COMPATIBLE_WITH_HIGH_LEVEL_TOPIC
16,sacha2024misalignment,Interpretability Benchmark for Evaluating Spatial Misalignment of Prototypical Parts Explanations,2024,Prototype / example-based,direct reliability,input/carrier,semantic alignment,AUTHOR_REPORTED_SOURCE_REVIEW_2026-09-22,Curated manuscript evidence record; submitting author reports checking all cited source publications on 2026-09-22. Source-page locators for every individual code are not recorded in this row.,YES,[35],MATCH_BY_AUTOMATED_NORMALIZED_TITLE,direct reliability evidence,AUTHOR_REPORTS_SOURCE_REVIEW; NO_INDEPENDENT_FULL_TEXT_AUDIT_IN_THIS_PACKAGE,NOT_SPECIFIED_IN_MANUSCRIPT_CODE,NOT_SPECIFIED_IN_MANUSCRIPT_CODE,MENTIONED_IN_MANUSCRIPT_CODE,NOT_SPECIFIED_IN_MANUSCRIPT_CODE,NOT_SPECIFIED_IN_MANUSCRIPT_CODE,NOT_SPECIFIED_IN_MANUSCRIPT_CODE,NO_PER_STUDY_P1_TO_P6_DIRECT_ADJACENT_MATRIX_RECORDED,https://ojs.aaai.org/index.php/AAAI/article/view/30154,prototype visualization/spatial misalignment,ABSTRACT_ONLY_NOT_FULL_TEXT_VERIFIED,PUBLICATION_ABSTRACT_COMPATIBLE_WITH_HIGH_LEVEL_TOPIC
17,baniecki2025birds,Birds Look Like Cars: Adversarial Analysis of Intrinsically Interpretable Deep Learning,2025,Prototype / example-based,direct security,input/training,predictive integrity; carrier integrity; semantic alignment,AUTHOR_REPORTED_SOURCE_REVIEW_2026-09-22,Curated manuscript evidence record; submitting author reports checking all cited source publications on 2026-09-22. Source-page locators for every individual code are not recorded in this row.,YES,[36],MATCH_BY_AUTOMATED_NORMALIZED_TITLE,direct security evidence,AUTHOR_REPORTS_SOURCE_REVIEW; NO_INDEPENDENT_FULL_TEXT_AUDIT_IN_THIS_PACKAGE,MENTIONED_IN_MANUSCRIPT_CODE,MENTIONED_IN_MANUSCRIPT_CODE,MENTIONED_IN_MANUSCRIPT_CODE,NOT_SPECIFIED_IN_MANUSCRIPT_CODE,NOT_SPECIFIED_IN_MANUSCRIPT_CODE,NOT_SPECIFIED_IN_MANUSCRIPT_CODE,NO_PER_STUDY_P1_TO_P6_DIRECT_ADJACENT_MATRIX_RECORDED,https://link.springer.com/article/10.1007/s10994-025-06896-w,prototype manipulation and backdoors,ABSTRACT_ONLY_NOT_FULL_TEXT_VERIFIED,PUBLICATION_ABSTRACT_COMPATIBLE_WITH_HIGH_LEVEL_TOPIC
18,agarwal2021nam,Neural Additive Models: Interpretable Machine Learning with Neural Nets,2021,Additive / shape functions,architecture,carrier,semantic alignment,AUTHOR_REPORTED_SOURCE_REVIEW_2026-09-22,Curated manuscript evidence record; submitting author reports checking all cited source publications on 2026-09-22. Source-page locators for every individual code are not recorded in this row.,YES,[6],MATCH_BY_AUTOMATED_NORMALIZED_TITLE,carrier-defining architecture,AUTHOR_REPORTS_SOURCE_REVIEW; NO_INDEPENDENT_FULL_TEXT_AUDIT_IN_THIS_PACKAGE,NOT_SPECIFIED_IN_MANUSCRIPT_CODE,NOT_SPECIFIED_IN_MANUSCRIPT_CODE,MENTIONED_IN_MANUSCRIPT_CODE,NOT_SPECIFIED_IN_MANUSCRIPT_CODE,NOT_SPECIFIED_IN_MANUSCRIPT_CODE,NOT_SPECIFIED_IN_MANUSCRIPT_CODE,NO_PER_STUDY_P1_TO_P6_DIRECT_ADJACENT_MATRIX_RECORDED,,,NOT_CHECKED_FULL_TEXT,NOT_CHECKED
19,yang2021gaminet,"GAMI-Net: An explainable neural network based on generalized additive models with structured interactions,",2021,Additive / shape functions,architecture,carrier,semantic alignment,AUTHOR_REPORTED_SOURCE_REVIEW_2026-09-22,Curated manuscript evidence record; submitting author reports checking all cited source publications on 2026-09-22. Source-page locators for every individual code are not recorded in this row.,YES,[37],MATCH_BY_AUTOMATED_NORMALIZED_TITLE,carrier-defining architecture,AUTHOR_REPORTS_SOURCE_REVIEW; NO_INDEPENDENT_FULL_TEXT_AUDIT_IN_THIS_PACKAGE,NOT_SPECIFIED_IN_MANUSCRIPT_CODE,NOT_SPECIFIED_IN_MANUSCRIPT_CODE,MENTIONED_IN_MANUSCRIPT_CODE,NOT_SPECIFIED_IN_MANUSCRIPT_CODE,NOT_SPECIFIED_IN_MANUSCRIPT_CODE,NOT_SPECIFIED_IN_MANUSCRIPT_CODE,NO_PER_STUDY_P1_TO_P6_DIRECT_ADJACENT_MATRIX_RECORDED,,,NOT_CHECKED_FULL_TEXT,NOT_CHECKED
20,chang2022nodegam,"NODE-GAM: Neural generalized additive model for interpretable deep learning,",2022,Additive / shape functions,architecture,carrier,semantic alignment,AUTHOR_REPORTED_SOURCE_REVIEW_2026-09-22,Curated manuscript evidence record; submitting author reports checking all cited source publications on 2026-09-22. Source-page locators for every individual code are not recorded in this row.,YES,[38],MATCH_BY_AUTOMATED_NORMALIZED_TITLE,carrier-defining architecture,AUTHOR_REPORTS_SOURCE_REVIEW; NO_INDEPENDENT_FULL_TEXT_AUDIT_IN_THIS_PACKAGE,NOT_SPECIFIED_IN_MANUSCRIPT_CODE,NOT_SPECIFIED_IN_MANUSCRIPT_CODE,MENTIONED_IN_MANUSCRIPT_CODE,NOT_SPECIFIED_IN_MANUSCRIPT_CODE,NOT_SPECIFIED_IN_MANUSCRIPT_CODE,NOT_SPECIFIED_IN_MANUSCRIPT_CODE,NO_PER_STUDY_P1_TO_P6_DIRECT_ADJACENT_MATRIX_RECORDED,,,NOT_CHECKED_FULL_TEXT,NOT_CHECKED
21,chang2021gams,How interpretable and trustworthy are GAMs?,2021,Additive / shape functions,direct reliability,carrier,semantic alignment; audit reliability,AUTHOR_REPORTED_SOURCE_REVIEW_2026-09-22,Curated manuscript evidence record; submitting author reports checking all cited source publications on 2026-09-22. Source-page locators for every individual code are not recorded in this row.,YES,[39],MATCH_BY_AUTOMATED_NORMALIZED_TITLE,direct reliability evidence,AUTHOR_REPORTS_SOURCE_REVIEW; NO_INDEPENDENT_FULL_TEXT_AUDIT_IN_THIS_PACKAGE,NOT_SPECIFIED_IN_MANUSCRIPT_CODE,NOT_SPECIFIED_IN_MANUSCRIPT_CODE,MENTIONED_IN_MANUSCRIPT_CODE,NOT_SPECIFIED_IN_MANUSCRIPT_CODE,MENTIONED_IN_MANUSCRIPT_CODE,NOT_SPECIFIED_IN_MANUSCRIPT_CODE,NO_PER_STUDY_P1_TO_P6_DIRECT_ADJACENT_MATRIX_RECORDED,https://www.microsoft.com/en-us/research/publication/how-interpretable-and-trustworthy-are-gams/,GAM decomposition and semantic reliability rather than explicit adaptive security,ABSTRACT_ONLY_NOT_FULL_TEXT_VERIFIED,PUBLICATION_ABSTRACT_COMPATIBLE_WITH_HIGH_LEVEL_TOPIC
22,bassan2026provably,Provably Explaining Neural Additive Models,2026,Additive / shape functions,verification,carrier,audit reliability,AUTHOR_REPORTED_SOURCE_REVIEW_2026-09-22,Curated manuscript evidence record; submitting author reports checking all cited source publications on 2026-09-22. Source-page locators for every individual code are not recorded in this row.,YES,[41],MATCH_BY_AUTOMATED_NORMALIZED_TITLE,direct verification evidence,AUTHOR_REPORTS_SOURCE_REVIEW; NO_INDEPENDENT_FULL_TEXT_AUDIT_IN_THIS_PACKAGE,NOT_SPECIFIED_IN_MANUSCRIPT_CODE,NOT_SPECIFIED_IN_MANUSCRIPT_CODE,NOT_SPECIFIED_IN_MANUSCRIPT_CODE,NOT_SPECIFIED_IN_MANUSCRIPT_CODE,MENTIONED_IN_MANUSCRIPT_CODE,NOT_SPECIFIED_IN_MANUSCRIPT_CODE,NO_PER_STUDY_P1_TO_P6_DIRECT_ADJACENT_MATRIX_RECORDED,https://openreview.net/pdf/24a6ba7196e865623a6c47c236096913b01e68ba.pdf,cardinality-minimal sufficient NAM explanations; not semantic grounding proof,ABSTRACT_ONLY_NOT_FULL_TEXT_VERIFIED,PUBLICATION_ABSTRACT_COMPATIBLE_WITH_HIGH_LEVEL_TOPIC
23,yamaguchi2025xbm,Explanation Bottleneck Models,2025,Explanation bottleneck,architecture,carrier,semantic alignment; intervention safety,AUTHOR_REPORTED_SOURCE_REVIEW_2026-09-22,Curated manuscript evidence record; submitting author reports checking all cited source publications on 2026-09-22. Source-page locators for every individual code are not recorded in this row.,YES,[7],MATCH_BY_AUTOMATED_NORMALIZED_TITLE,carrier-defining architecture,AUTHOR_REPORTS_SOURCE_REVIEW; NO_INDEPENDENT_FULL_TEXT_AUDIT_IN_THIS_PACKAGE,NOT_SPECIFIED_IN_MANUSCRIPT_CODE,NOT_SPECIFIED_IN_MANUSCRIPT_CODE,MENTIONED_IN_MANUSCRIPT_CODE,MENTIONED_IN_MANUSCRIPT_CODE,NOT_SPECIFIED_IN_MANUSCRIPT_CODE,NOT_SPECIFIED_IN_MANUSCRIPT_CODE,NO_PER_STUDY_P1_TO_P6_DIRECT_ADJACENT_MATRIX_RECORDED,https://ojs.aaai.org/index.php/AAAI/article/view/35495,explanation bottleneck architecture; not direct security testing,ABSTRACT_ONLY_NOT_FULL_TEXT_VERIFIED,PUBLICATION_ABSTRACT_COMPATIBLE_WITH_HIGH_LEVEL_TOPIC
24,ghorbani2019fragile,Interpretation of Neural Networks Is Fragile,2019,Post-hoc attack / evaluation boundary,boundary attack,input/explanation,carrier integrity,AUTHOR_REPORTED_SOURCE_REVIEW_2026-09-22,Curated manuscript evidence record; submitting author reports checking all cited source publications on 2026-09-22. Source-page locators for every individual code are not recorded in this row.,YES,[8],MATCH_BY_AUTOMATED_NORMALIZED_TITLE,boundary evidence,AUTHOR_REPORTS_SOURCE_REVIEW; NO_INDEPENDENT_FULL_TEXT_AUDIT_IN_THIS_PACKAGE,NOT_SPECIFIED_IN_MANUSCRIPT_CODE,MENTIONED_IN_MANUSCRIPT_CODE,NOT_SPECIFIED_IN_MANUSCRIPT_CODE,NOT_SPECIFIED_IN_MANUSCRIPT_CODE,NOT_SPECIFIED_IN_MANUSCRIPT_CODE,NOT_SPECIFIED_IN_MANUSCRIPT_CODE,NO_PER_STUDY_P1_TO_P6_DIRECT_ADJACENT_MATRIX_RECORDED,,,NOT_CHECKED_FULL_TEXT,NOT_CHECKED
25,dombrowski2019geometry,Explanations Can Be Manipulated and Geometry Is to Blame,2019,Post-hoc attack / evaluation boundary,boundary attack,input/explanation,carrier integrity,AUTHOR_REPORTED_SOURCE_REVIEW_2026-09-22,Curated manuscript evidence record; submitting author reports checking all cited source publications on 2026-09-22. Source-page locators for every individual code are not recorded in this row.,YES,[9],MATCH_BY_AUTOMATED_NORMALIZED_TITLE,boundary evidence,AUTHOR_REPORTS_SOURCE_REVIEW; NO_INDEPENDENT_FULL_TEXT_AUDIT_IN_THIS_PACKAGE,NOT_SPECIFIED_IN_MANUSCRIPT_CODE,MENTIONED_IN_MANUSCRIPT_CODE,NOT_SPECIFIED_IN_MANUSCRIPT_CODE,NOT_SPECIFIED_IN_MANUSCRIPT_CODE,NOT_SPECIFIED_IN_MANUSCRIPT_CODE,NOT_SPECIFIED_IN_MANUSCRIPT_CODE,NO_PER_STUDY_P1_TO_P6_DIRECT_ADJACENT_MATRIX_RECORDED,,,NOT_CHECKED_FULL_TEXT,NOT_CHECKED
26,heo2019fooling,Fooling Neural Network Interpretations via Adversarial Model Manipulation,2019,Post-hoc attack / evaluation boundary,boundary attack,model/explanation,semantic alignment; audit reliability,AUTHOR_REPORTED_SOURCE_REVIEW_2026-09-22,Curated manuscript evidence record; submitting author reports checking all cited source publications on 2026-09-22. Source-page locators for every individual code are not recorded in this row.,YES,[10],MATCH_BY_AUTOMATED_NORMALIZED_TITLE,boundary evidence,AUTHOR_REPORTS_SOURCE_REVIEW; NO_INDEPENDENT_FULL_TEXT_AUDIT_IN_THIS_PACKAGE,NOT_SPECIFIED_IN_MANUSCRIPT_CODE,NOT_SPECIFIED_IN_MANUSCRIPT_CODE,MENTIONED_IN_MANUSCRIPT_CODE,NOT_SPECIFIED_IN_MANUSCRIPT_CODE,MENTIONED_IN_MANUSCRIPT_CODE,NOT_SPECIFIED_IN_MANUSCRIPT_CODE,NO_PER_STUDY_P1_TO_P6_DIRECT_ADJACENT_MATRIX_RECORDED,,,NOT_CHECKED_FULL_TEXT,NOT_CHECKED
27,slack2020fooling,Fooling LIME and SHAP: Adversarial Attacks on Post hoc Explanation Methods,2020,Post-hoc attack / evaluation boundary,boundary attack,model/explanation,semantic alignment; audit reliability,AUTHOR_REPORTED_SOURCE_REVIEW_2026-09-22,Curated manuscript evidence record; submitting author reports checking all cited source publications on 2026-09-22. Source-page locators for every individual code are not recorded in this row.,YES,[11],MATCH_BY_AUTOMATED_NORMALIZED_TITLE,boundary evidence,AUTHOR_REPORTS_SOURCE_REVIEW; NO_INDEPENDENT_FULL_TEXT_AUDIT_IN_THIS_PACKAGE,NOT_SPECIFIED_IN_MANUSCRIPT_CODE,NOT_SPECIFIED_IN_MANUSCRIPT_CODE,MENTIONED_IN_MANUSCRIPT_CODE,NOT_SPECIFIED_IN_MANUSCRIPT_CODE,MENTIONED_IN_MANUSCRIPT_CODE,NOT_SPECIFIED_IN_MANUSCRIPT_CODE,NO_PER_STUDY_P1_TO_P6_DIRECT_ADJACENT_MATRIX_RECORDED,,,NOT_CHECKED_FULL_TEXT,NOT_CHECKED
28,anders2020offmanifold,Fairwashing Explanations with Off-Manifold Detergent,2020,Post-hoc attack / evaluation boundary,boundary attack,model/explanation,semantic alignment,AUTHOR_REPORTED_SOURCE_REVIEW_2026-09-22,Curated manuscript evidence record; submitting author reports checking all cited source publications on 2026-09-22. Source-page locators for every individual code are not recorded in this row.,YES,[12],MATCH_BY_AUTOMATED_NORMALIZED_TITLE,boundary evidence,AUTHOR_REPORTS_SOURCE_REVIEW; NO_INDEPENDENT_FULL_TEXT_AUDIT_IN_THIS_PACKAGE,NOT_SPECIFIED_IN_MANUSCRIPT_CODE,NOT_SPECIFIED_IN_MANUSCRIPT_CODE,MENTIONED_IN_MANUSCRIPT_CODE,NOT_SPECIFIED_IN_MANUSCRIPT_CODE,NOT_SPECIFIED_IN_MANUSCRIPT_CODE,NOT_SPECIFIED_IN_MANUSCRIPT_CODE,NO_PER_STUDY_P1_TO_P6_DIRECT_ADJACENT_MATRIX_RECORDED,,,NOT_CHECKED_FULL_TEXT,NOT_CHECKED
29,dimanov2020conceal,You Shouldn't Trust Me: Learning Models Which Conceal Unfairness from Multiple Explanation Methods,2020,Post-hoc attack / evaluation boundary,boundary attack,model/explanation,semantic alignment; audit reliability,AUTHOR_REPORTED_SOURCE_REVIEW_2026-09-22,Curated manuscript evidence record; submitting author reports checking all cited source publications on 2026-09-22. Source-page locators for every individual code are not recorded in this row.,YES,[13],MATCH_BY_AUTOMATED_NORMALIZED_TITLE,boundary evidence,AUTHOR_REPORTS_SOURCE_REVIEW; NO_INDEPENDENT_FULL_TEXT_AUDIT_IN_THIS_PACKAGE,NOT_SPECIFIED_IN_MANUSCRIPT_CODE,NOT_SPECIFIED_IN_MANUSCRIPT_CODE,MENTIONED_IN_MANUSCRIPT_CODE,NOT_SPECIFIED_IN_MANUSCRIPT_CODE,MENTIONED_IN_MANUSCRIPT_CODE,NOT_SPECIFIED_IN_MANUSCRIPT_CODE,NO_PER_STUDY_P1_TO_P6_DIRECT_ADJACENT_MATRIX_RECORDED,,,NOT_CHECKED_FULL_TEXT,NOT_CHECKED
30,noppel2023backdoor,Disguising Attacks with Explanation-Aware Backdoors,2023,Post-hoc attack / evaluation boundary,boundary security,training/model/explanation,predictive integrity; carrier integrity,AUTHOR_REPORTED_SOURCE_REVIEW_2026-09-22,Curated manuscript evidence record; submitting author reports checking all cited source publications on 2026-09-22. Source-page locators for every individual code are not recorded in this row.,YES,[14],MATCH_BY_AUTOMATED_NORMALIZED_TITLE,boundary evidence,AUTHOR_REPORTS_SOURCE_REVIEW; NO_INDEPENDENT_FULL_TEXT_AUDIT_IN_THIS_PACKAGE,MENTIONED_IN_MANUSCRIPT_CODE,MENTIONED_IN_MANUSCRIPT_CODE,NOT_SPECIFIED_IN_MANUSCRIPT_CODE,NOT_SPECIFIED_IN_MANUSCRIPT_CODE,NOT_SPECIFIED_IN_MANUSCRIPT_CODE,NOT_SPECIFIED_IN_MANUSCRIPT_CODE,NO_PER_STUDY_P1_TO_P6_DIRECT_ADJACENT_MATRIX_RECORDED,,,NOT_CHECKED_FULL_TEXT,NOT_CHECKED
31,milli2019reconstruction,Model Reconstruction from Model Explanations,2019,Privacy / counterfactual boundary,boundary privacy attack,API,confidentiality,AUTHOR_REPORTED_SOURCE_REVIEW_2026-09-22,Curated manuscript evidence record; submitting author reports checking all cited source publications on 2026-09-22. Source-page locators for every individual code are not recorded in this row.,YES,[15],MATCH_BY_AUTOMATED_NORMALIZED_TITLE,boundary evidence,AUTHOR_REPORTS_SOURCE_REVIEW; NO_INDEPENDENT_FULL_TEXT_AUDIT_IN_THIS_PACKAGE,NOT_SPECIFIED_IN_MANUSCRIPT_CODE,NOT_SPECIFIED_IN_MANUSCRIPT_CODE,NOT_SPECIFIED_IN_MANUSCRIPT_CODE,NOT_SPECIFIED_IN_MANUSCRIPT_CODE,NOT_SPECIFIED_IN_MANUSCRIPT_CODE,MENTIONED_IN_MANUSCRIPT_CODE,NO_PER_STUDY_P1_TO_P6_DIRECT_ADJACENT_MATRIX_RECORDED,https://doi.org/10.1145/3287560.3287562,model reconstruction through exposed explanations,ABSTRACT_ONLY_NOT_FULL_TEXT_VERIFIED,PUBLICATION_ABSTRACT_COMPATIBLE_WITH_HIGH_LEVEL_TOPIC
32,shokri2021privacy,On the Privacy Risks of Model Explanations,2021,Privacy / counterfactual boundary,boundary privacy attack,API,confidentiality,AUTHOR_REPORTED_SOURCE_REVIEW_2026-09-22,Curated manuscript evidence record; submitting author reports checking all cited source publications on 2026-09-22. Source-page locators for every individual code are not recorded in this row.,YES,[16],MATCH_BY_AUTOMATED_NORMALIZED_TITLE,boundary evidence,AUTHOR_REPORTS_SOURCE_REVIEW; NO_INDEPENDENT_FULL_TEXT_AUDIT_IN_THIS_PACKAGE,NOT_SPECIFIED_IN_MANUSCRIPT_CODE,NOT_SPECIFIED_IN_MANUSCRIPT_CODE,NOT_SPECIFIED_IN_MANUSCRIPT_CODE,NOT_SPECIFIED_IN_MANUSCRIPT_CODE,NOT_SPECIFIED_IN_MANUSCRIPT_CODE,MENTIONED_IN_MANUSCRIPT_CODE,NO_PER_STUDY_P1_TO_P6_DIRECT_ADJACENT_MATRIX_RECORDED,https://www.ftc.gov/system/files/documents/public_events/1582978/on_the_privacy_risks_of_model_explanations.pdf,membership inference from model explanations,ABSTRACT_ONLY_NOT_FULL_TEXT_VERIFIED,PUBLICATION_ABSTRACT_COMPATIBLE_WITH_HIGH_LEVEL_TOPIC
33,ma2024membership,Label-Only Membership Inference Attack Based on Model Explanation,2024,Privacy / counterfactual boundary,boundary privacy attack,API,confidentiality,AUTHOR_REPORTED_SOURCE_REVIEW_2026-09-22,Curated manuscript evidence record; submitting author reports checking all cited source publications on 2026-09-22. Source-page locators for every individual code are not recorded in this row.,YES,[45],MATCH_BY_AUTOMATED_NORMALIZED_TITLE,boundary evidence,AUTHOR_REPORTS_SOURCE_REVIEW; NO_INDEPENDENT_FULL_TEXT_AUDIT_IN_THIS_PACKAGE,NOT_SPECIFIED_IN_MANUSCRIPT_CODE,NOT_SPECIFIED_IN_MANUSCRIPT_CODE,NOT_SPECIFIED_IN_MANUSCRIPT_CODE,NOT_SPECIFIED_IN_MANUSCRIPT_CODE,NOT_SPECIFIED_IN_MANUSCRIPT_CODE,MENTIONED_IN_MANUSCRIPT_CODE,NO_PER_STUDY_P1_TO_P6_DIRECT_ADJACENT_MATRIX_RECORDED,,,NOT_CHECKED_FULL_TEXT,NOT_CHECKED
34,duddu2022sensitive,Inferring Sensitive Attributes from Model Explanations,2022,Privacy / counterfactual boundary,boundary privacy attack,API,confidentiality,AUTHOR_REPORTED_SOURCE_REVIEW_2026-09-22,Curated manuscript evidence record; submitting author reports checking all cited source publications on 2026-09-22. Source-page locators for every individual code are not recorded in this row.,YES,[17],MATCH_BY_AUTOMATED_NORMALIZED_TITLE,boundary evidence,AUTHOR_REPORTS_SOURCE_REVIEW; NO_INDEPENDENT_FULL_TEXT_AUDIT_IN_THIS_PACKAGE,NOT_SPECIFIED_IN_MANUSCRIPT_CODE,NOT_SPECIFIED_IN_MANUSCRIPT_CODE,NOT_SPECIFIED_IN_MANUSCRIPT_CODE,NOT_SPECIFIED_IN_MANUSCRIPT_CODE,NOT_SPECIFIED_IN_MANUSCRIPT_CODE,MENTIONED_IN_MANUSCRIPT_CODE,NO_PER_STUDY_P1_TO_P6_DIRECT_ADJACENT_MATRIX_RECORDED,,,NOT_CHECKED_FULL_TEXT,NOT_CHECKED
35,wang2022dualcf,"DualCF: Efficient model extraction attack from counterfactual explanations,",2022,Privacy / counterfactual boundary,boundary privacy attack,API,confidentiality,AUTHOR_REPORTED_SOURCE_REVIEW_2026-09-22,Curated manuscript evidence record; submitting author reports checking all cited source publications on 2026-09-22. Source-page locators for every individual code are not recorded in this row.,YES,[49],MATCH_BY_AUTOMATED_NORMALIZED_TITLE,boundary evidence,AUTHOR_REPORTS_SOURCE_REVIEW; NO_INDEPENDENT_FULL_TEXT_AUDIT_IN_THIS_PACKAGE,NOT_SPECIFIED_IN_MANUSCRIPT_CODE,NOT_SPECIFIED_IN_MANUSCRIPT_CODE,NOT_SPECIFIED_IN_MANUSCRIPT_CODE,NOT_SPECIFIED_IN_MANUSCRIPT_CODE,NOT_SPECIFIED_IN_MANUSCRIPT_CODE,MENTIONED_IN_MANUSCRIPT_CODE,NO_PER_STUDY_P1_TO_P6_DIRECT_ADJACENT_MATRIX_RECORDED,,,NOT_CHECKED_FULL_TEXT,NOT_CHECKED
36,patel2022dp,Model Explanations with Differential Privacy,2022,Privacy / counterfactual boundary,boundary privacy defense,API,confidentiality,AUTHOR_REPORTED_SOURCE_REVIEW_2026-09-22,Curated manuscript evidence record; submitting author reports checking all cited source publications on 2026-09-22. Source-page locators for every individual code are not recorded in this row.,YES,[50],MATCH_BY_AUTOMATED_NORMALIZED_TITLE,boundary evidence,AUTHOR_REPORTS_SOURCE_REVIEW; NO_INDEPENDENT_FULL_TEXT_AUDIT_IN_THIS_PACKAGE,NOT_SPECIFIED_IN_MANUSCRIPT_CODE,NOT_SPECIFIED_IN_MANUSCRIPT_CODE,NOT_SPECIFIED_IN_MANUSCRIPT_CODE,NOT_SPECIFIED_IN_MANUSCRIPT_CODE,NOT_SPECIFIED_IN_MANUSCRIPT_CODE,MENTIONED_IN_MANUSCRIPT_CODE,NO_PER_STUDY_P1_TO_P6_DIRECT_ADJACENT_MATRIX_RECORDED,,,NOT_CHECKED_FULL_TEXT,NOT_CHECKED
37,an2024counterfactual,"Counterfactual Explanation at Will, with Zero Privacy Leakage",2024,Privacy / counterfactual boundary,boundary privacy defense,API,confidentiality,AUTHOR_REPORTED_SOURCE_REVIEW_2026-09-22,Curated manuscript evidence record; submitting author reports checking all cited source publications on 2026-09-22. Source-page locators for every individual code are not recorded in this row.,YES,[77],MATCH_BY_AUTOMATED_NORMALIZED_TITLE,boundary evidence,AUTHOR_REPORTS_SOURCE_REVIEW; NO_INDEPENDENT_FULL_TEXT_AUDIT_IN_THIS_PACKAGE,NOT_SPECIFIED_IN_MANUSCRIPT_CODE,NOT_SPECIFIED_IN_MANUSCRIPT_CODE,NOT_SPECIFIED_IN_MANUSCRIPT_CODE,NOT_SPECIFIED_IN_MANUSCRIPT_CODE,NOT_SPECIFIED_IN_MANUSCRIPT_CODE,MENTIONED_IN_MANUSCRIPT_CODE,NO_PER_STUDY_P1_TO_P6_DIRECT_ADJACENT_MATRIX_RECORDED,,,NOT_CHECKED_FULL_TEXT,NOT_CHECKED
38,steinmann2024intervene,Learning to Intervene on Concept Bottlenecks,2024,Self-explaining / concept,intervention reliability,intervention,intervention safety,AUTHOR_REPORTED_SOURCE_REVIEW_2026-09-22,Curated manuscript evidence record; submitting author reports checking all cited source publications on 2026-09-22. Source-page locators for every individual code are not recorded in this row.,YES,[46],MATCH_BY_AUTOMATED_NORMALIZED_TITLE,direct reliability evidence,AUTHOR_REPORTS_SOURCE_REVIEW; NO_INDEPENDENT_FULL_TEXT_AUDIT_IN_THIS_PACKAGE,NOT_SPECIFIED_IN_MANUSCRIPT_CODE,NOT_SPECIFIED_IN_MANUSCRIPT_CODE,NOT_SPECIFIED_IN_MANUSCRIPT_CODE,MENTIONED_IN_MANUSCRIPT_CODE,NOT_SPECIFIED_IN_MANUSCRIPT_CODE,NOT_SPECIFIED_IN_MANUSCRIPT_CODE,NO_PER_STUDY_P1_TO_P6_DIRECT_ADJACENT_MATRIX_RECORDED,,,NOT_CHECKED_FULL_TEXT,NOT_CHECKED
39,rasheed2024concept,Exploring the Impact of Conceptual Bottlenecks on Adversarial Robustness of Deep Neural Networks,2024,Self-explaining / concept,direct robustness,input,predictive integrity; carrier integrity,AUTHOR_REPORTED_SOURCE_REVIEW_2026-09-22,Curated manuscript evidence record; submitting author reports checking all cited source publications on 2026-09-22. Source-page locators for every individual code are not recorded in this row.,YES,[28],MATCH_BY_AUTOMATED_NORMALIZED_TITLE,direct security evidence,AUTHOR_REPORTS_SOURCE_REVIEW; NO_INDEPENDENT_FULL_TEXT_AUDIT_IN_THIS_PACKAGE,MENTIONED_IN_MANUSCRIPT_CODE,MENTIONED_IN_MANUSCRIPT_CODE,NOT_SPECIFIED_IN_MANUSCRIPT_CODE,NOT_SPECIFIED_IN_MANUSCRIPT_CODE,NOT_SPECIFIED_IN_MANUSCRIPT_CODE,NOT_SPECIFIED_IN_MANUSCRIPT_CODE,NO_PER_STUDY_P1_TO_P6_DIRECT_ADJACENT_MATRIX_RECORDED,,,NOT_CHECKED_FULL_TEXT,NOT_CHECKED
40,park2025noisycbm,"An Analysis of Concept Bottleneck Models: Measuring, Understanding, and Mitigating the Impact of Noisy Annotations",2025,Self-explaining / concept,training reliability,training/carrier,carrier integrity; semantic alignment,AUTHOR_REPORTED_SOURCE_REVIEW_2026-09-22,Curated manuscript evidence record; submitting author reports checking all cited source publications on 2026-09-22. Source-page locators for every individual code are not recorded in this row.,YES,[30],MATCH_BY_AUTOMATED_NORMALIZED_TITLE,direct reliability evidence,AUTHOR_REPORTS_SOURCE_REVIEW; NO_INDEPENDENT_FULL_TEXT_AUDIT_IN_THIS_PACKAGE,NOT_SPECIFIED_IN_MANUSCRIPT_CODE,MENTIONED_IN_MANUSCRIPT_CODE,MENTIONED_IN_MANUSCRIPT_CODE,NOT_SPECIFIED_IN_MANUSCRIPT_CODE,NOT_SPECIFIED_IN_MANUSCRIPT_CODE,NOT_SPECIFIED_IN_MANUSCRIPT_CODE,NO_PER_STUDY_P1_TO_P6_DIRECT_ADJACENT_MATRIX_RECORDED,https://arxiv.org/abs/2505.16705,"noisy annotations impair prediction, concept quality, interventions",ABSTRACT_ONLY_NOT_FULL_TEXT_VERIFIED,PUBLICATION_ABSTRACT_COMPATIBLE_WITH_HIGH_LEVEL_TOPIC
41,zhang2024additive,Challenges in Interpretability of Additive Models,2024,Additive / shape functions,reliability analysis,carrier,semantic alignment,AUTHOR_REPORTED_SOURCE_REVIEW_2026-09-22,Curated manuscript evidence record; submitting author reports checking all cited source publications on 2026-09-22. Source-page locators for every individual code are not recorded in this row.,YES,[40],MATCH_BY_AUTOMATED_NORMALIZED_TITLE,direct reliability evidence,AUTHOR_REPORTS_SOURCE_REVIEW; NO_INDEPENDENT_FULL_TEXT_AUDIT_IN_THIS_PACKAGE,NOT_SPECIFIED_IN_MANUSCRIPT_CODE,NOT_SPECIFIED_IN_MANUSCRIPT_CODE,MENTIONED_IN_MANUSCRIPT_CODE,NOT_SPECIFIED_IN_MANUSCRIPT_CODE,NOT_SPECIFIED_IN_MANUSCRIPT_CODE,NOT_SPECIFIED_IN_MANUSCRIPT_CODE,NO_PER_STUDY_P1_TO_P6_DIRECT_ADJACENT_MATRIX_RECORDED,https://research.aalto.fi/en/publications/challenges-in-interpretability-of-additive-models/,non-identifiability of additive-model explanations; published 2024 workshop,ABSTRACT_ONLY_NOT_FULL_TEXT_VERIFIED,PUBLICATION_ABSTRACT_COMPATIBLE_WITH_HIGH_LEVEL_TOPIC
42,chen2026mlnam,Maximum Likelihood Neural Additive Models,2026,Additive / shape functions,robustness to noise,input,predictive integrity,AUTHOR_REPORTED_SOURCE_REVIEW_2026-09-22,Curated manuscript evidence record; submitting author reports checking all cited source publications on 2026-09-22. Source-page locators for every individual code are not recorded in this row.,YES,[51],MATCH_BY_AUTOMATED_NORMALIZED_TITLE,direct reliability evidence,AUTHOR_REPORTS_SOURCE_REVIEW; NO_INDEPENDENT_FULL_TEXT_AUDIT_IN_THIS_PACKAGE,MENTIONED_IN_MANUSCRIPT_CODE,NOT_SPECIFIED_IN_MANUSCRIPT_CODE,NOT_SPECIFIED_IN_MANUSCRIPT_CODE,NOT_SPECIFIED_IN_MANUSCRIPT_CODE,NOT_SPECIFIED_IN_MANUSCRIPT_CODE,NOT_SPECIFIED_IN_MANUSCRIPT_CODE,NO_PER_STUDY_P1_TO_P6_DIRECT_ADJACENT_MATRIX_RECORDED,https://www.sciencedirect.com/science/article/pii/S0020025526000356,heavy-tailed/outlier noise rather than adversarial security,ABSTRACT_ONLY_NOT_FULL_TEXT_VERIFIED,PUBLICATION_ABSTRACT_COMPATIBLE_WITH_HIGH_LEVEL_TOPIC
43,ross2017right,Right for the Right Reasons: Training Differentiable Models by Constraining Their Explanations,2017,Post-hoc attack / evaluation boundary,boundary defense,training,semantic alignment,AUTHOR_REPORTED_SOURCE_REVIEW_2026-09-22,Curated manuscript evidence record; submitting author reports checking all cited source publications on 2026-09-22. Source-page locators for every individual code are not recorded in this row.,YES,[81],MATCH_BY_AUTOMATED_NORMALIZED_TITLE,boundary evidence,AUTHOR_REPORTS_SOURCE_REVIEW; NO_INDEPENDENT_FULL_TEXT_AUDIT_IN_THIS_PACKAGE,NOT_SPECIFIED_IN_MANUSCRIPT_CODE,NOT_SPECIFIED_IN_MANUSCRIPT_CODE,MENTIONED_IN_MANUSCRIPT_CODE,NOT_SPECIFIED_IN_MANUSCRIPT_CODE,NOT_SPECIFIED_IN_MANUSCRIPT_CODE,NOT_SPECIFIED_IN_MANUSCRIPT_CODE,NO_PER_STUDY_P1_TO_P6_DIRECT_ADJACENT_MATRIX_RECORDED,,,NOT_CHECKED_FULL_TEXT,NOT_CHECKED
44,yeh2019infidelity,On the (In)fidelity and Sensitivity of Explanations,2019,Secondary systematization / evaluation resource,secondary synthesis,literature,context / coverage,AUTHOR_REPORTED_SOURCE_REVIEW_2026-09-22,Curated manuscript evidence record; submitting author reports checking all cited source publications on 2026-09-22. Source-page locators for every individual code are not recorded in this row.,YES,[47],MATCH_BY_AUTOMATED_NORMALIZED_TITLE,secondary evidence,AUTHOR_REPORTS_SOURCE_REVIEW; NO_INDEPENDENT_FULL_TEXT_AUDIT_IN_THIS_PACKAGE,NOT_SPECIFIED_IN_MANUSCRIPT_CODE,NOT_SPECIFIED_IN_MANUSCRIPT_CODE,NOT_SPECIFIED_IN_MANUSCRIPT_CODE,NOT_SPECIFIED_IN_MANUSCRIPT_CODE,NOT_SPECIFIED_IN_MANUSCRIPT_CODE,NOT_SPECIFIED_IN_MANUSCRIPT_CODE,NO_PER_STUDY_P1_TO_P6_DIRECT_ADJACENT_MATRIX_RECORDED,,,NOT_CHECKED_FULL_TEXT,NOT_CHECKED
45,gan2022stable,Is Your Explanation Stable? A Robustness Evaluation Framework for Feature Attribution,2022,Post-hoc attack / evaluation boundary,boundary evaluation,input/explanation,carrier integrity; audit reliability,AUTHOR_REPORTED_SOURCE_REVIEW_2026-09-22,Curated manuscript evidence record; submitting author reports checking all cited source publications on 2026-09-22. Source-page locators for every individual code are not recorded in this row.,YES,[78],MATCH_BY_AUTOMATED_NORMALIZED_TITLE,boundary evidence,AUTHOR_REPORTS_SOURCE_REVIEW; NO_INDEPENDENT_FULL_TEXT_AUDIT_IN_THIS_PACKAGE,NOT_SPECIFIED_IN_MANUSCRIPT_CODE,MENTIONED_IN_MANUSCRIPT_CODE,NOT_SPECIFIED_IN_MANUSCRIPT_CODE,NOT_SPECIFIED_IN_MANUSCRIPT_CODE,MENTIONED_IN_MANUSCRIPT_CODE,NOT_SPECIFIED_IN_MANUSCRIPT_CODE,NO_PER_STUDY_P1_TO_P6_DIRECT_ADJACENT_MATRIX_RECORDED,,,NOT_CHECKED_FULL_TEXT,NOT_CHECKED
46,adebayo2018sanity,Sanity Checks for Saliency Maps,2018,Post-hoc attack / evaluation boundary,boundary evaluation,explanation,audit reliability,AUTHOR_REPORTED_SOURCE_REVIEW_2026-09-22,Curated manuscript evidence record; submitting author reports checking all cited source publications on 2026-09-22. Source-page locators for every individual code are not recorded in this row.,YES,[82],MATCH_BY_AUTOMATED_NORMALIZED_TITLE,boundary evidence,AUTHOR_REPORTS_SOURCE_REVIEW; NO_INDEPENDENT_FULL_TEXT_AUDIT_IN_THIS_PACKAGE,NOT_SPECIFIED_IN_MANUSCRIPT_CODE,NOT_SPECIFIED_IN_MANUSCRIPT_CODE,NOT_SPECIFIED_IN_MANUSCRIPT_CODE,NOT_SPECIFIED_IN_MANUSCRIPT_CODE,MENTIONED_IN_MANUSCRIPT_CODE,NOT_SPECIFIED_IN_MANUSCRIPT_CODE,NO_PER_STUDY_P1_TO_P6_DIRECT_ADJACENT_MATRIX_RECORDED,,,NOT_CHECKED_FULL_TEXT,NOT_CHECKED
47,aivodji2019fairwashing,Fairwashing: The Risk of Rationalization,2019,Post-hoc attack / evaluation boundary,boundary attack,model/explanation,semantic alignment; audit reliability,AUTHOR_REPORTED_SOURCE_REVIEW_2026-09-22,Curated manuscript evidence record; submitting author reports checking all cited source publications on 2026-09-22. Source-page locators for every individual code are not recorded in this row.,YES,[75],MATCH_BY_AUTOMATED_NORMALIZED_TITLE,boundary evidence,AUTHOR_REPORTS_SOURCE_REVIEW; NO_INDEPENDENT_FULL_TEXT_AUDIT_IN_THIS_PACKAGE,NOT_SPECIFIED_IN_MANUSCRIPT_CODE,NOT_SPECIFIED_IN_MANUSCRIPT_CODE,MENTIONED_IN_MANUSCRIPT_CODE,NOT_SPECIFIED_IN_MANUSCRIPT_CODE,MENTIONED_IN_MANUSCRIPT_CODE,NOT_SPECIFIED_IN_MANUSCRIPT_CODE,NO_PER_STUDY_P1_TO_P6_DIRECT_ADJACENT_MATRIX_RECORDED,,,NOT_CHECKED_FULL_TEXT,NOT_CHECKED
48,goethals2023linkage,The Privacy Issue of Counterfactual Explanations: Explanation Linkage Attacks,2023,Privacy / counterfactual boundary,boundary privacy attack,API,confidentiality,AUTHOR_REPORTED_SOURCE_REVIEW_2026-09-22,Curated manuscript evidence record; submitting author reports checking all cited source publications on 2026-09-22. Source-page locators for every individual code are not recorded in this row.,YES,[76],MATCH_BY_AUTOMATED_NORMALIZED_TITLE,boundary evidence,AUTHOR_REPORTS_SOURCE_REVIEW; NO_INDEPENDENT_FULL_TEXT_AUDIT_IN_THIS_PACKAGE,NOT_SPECIFIED_IN_MANUSCRIPT_CODE,NOT_SPECIFIED_IN_MANUSCRIPT_CODE,NOT_SPECIFIED_IN_MANUSCRIPT_CODE,NOT_SPECIFIED_IN_MANUSCRIPT_CODE,NOT_SPECIFIED_IN_MANUSCRIPT_CODE,MENTIONED_IN_MANUSCRIPT_CODE,NO_PER_STUDY_P1_TO_P6_DIRECT_ADJACENT_MATRIX_RECORDED,,,NOT_CHECKED_FULL_TEXT,NOT_CHECKED
49,hedstrom2023quantus,"Quantus: An explainable AI toolkit for responsible evaluation of neural network explanations and beyond,",2023,Secondary systematization / evaluation resource,secondary synthesis,literature,context / coverage,AUTHOR_REPORTED_SOURCE_REVIEW_2026-09-22,Curated manuscript evidence record; submitting author reports checking all cited source publications on 2026-09-22. Source-page locators for every individual code are not recorded in this row.,YES,[48],MATCH_BY_AUTOMATED_NORMALIZED_TITLE,secondary evidence,AUTHOR_REPORTS_SOURCE_REVIEW; NO_INDEPENDENT_FULL_TEXT_AUDIT_IN_THIS_PACKAGE,NOT_SPECIFIED_IN_MANUSCRIPT_CODE,NOT_SPECIFIED_IN_MANUSCRIPT_CODE,NOT_SPECIFIED_IN_MANUSCRIPT_CODE,NOT_SPECIFIED_IN_MANUSCRIPT_CODE,NOT_SPECIFIED_IN_MANUSCRIPT_CODE,NOT_SPECIFIED_IN_MANUSCRIPT_CODE,NO_PER_STUDY_P1_TO_P6_DIRECT_ADJACENT_MATRIX_RECORDED,,,NOT_CHECKED_FULL_TEXT,NOT_CHECKED
50,poeta2025conceptsurvey,Concept-Based Explainable Artificial Intelligence: A Survey,2025,Secondary systematization / evaluation resource,secondary synthesis,literature,context / coverage,AUTHOR_REPORTED_SOURCE_REVIEW_2026-09-22,Curated manuscript evidence record; submitting author reports checking all cited source publications on 2026-09-22. Source-page locators for every individual code are not recorded in this row.,YES,[79],MATCH_BY_AUTOMATED_NORMALIZED_TITLE,secondary evidence,AUTHOR_REPORTS_SOURCE_REVIEW; NO_INDEPENDENT_FULL_TEXT_AUDIT_IN_THIS_PACKAGE,NOT_SPECIFIED_IN_MANUSCRIPT_CODE,NOT_SPECIFIED_IN_MANUSCRIPT_CODE,NOT_SPECIFIED_IN_MANUSCRIPT_CODE,NOT_SPECIFIED_IN_MANUSCRIPT_CODE,NOT_SPECIFIED_IN_MANUSCRIPT_CODE,NOT_SPECIFIED_IN_MANUSCRIPT_CODE,NO_PER_STUDY_P1_TO_P6_DIRECT_ADJACENT_MATRIX_RECORDED,,,NOT_CHECKED_FULL_TEXT,NOT_CHECKED
51,knab2026cbmsurvey,What's in the Bottle? A Survey and Roadmap of Concept Bottleneck Models,2026,Secondary systematization / evaluation resource,secondary synthesis,literature,context / coverage,AUTHOR_REPORTED_SOURCE_REVIEW_2026-09-22,Curated manuscript evidence record; submitting author reports checking all cited source publications on 2026-09-22. Source-page locators for every individual code are not recorded in this row.,YES,[80],MATCH_BY_AUTOMATED_NORMALIZED_TITLE,secondary evidence,AUTHOR_REPORTS_SOURCE_REVIEW; NO_INDEPENDENT_FULL_TEXT_AUDIT_IN_THIS_PACKAGE,NOT_SPECIFIED_IN_MANUSCRIPT_CODE,NOT_SPECIFIED_IN_MANUSCRIPT_CODE,NOT_SPECIFIED_IN_MANUSCRIPT_CODE,NOT_SPECIFIED_IN_MANUSCRIPT_CODE,NOT_SPECIFIED_IN_MANUSCRIPT_CODE,NOT_SPECIFIED_IN_MANUSCRIPT_CODE,NO_PER_STUDY_P1_TO_P6_DIRECT_ADJACENT_MATRIX_RECORDED,https://www.jmlr.org/tmlr/papers/,CBM survey and design taxonomy,ABSTRACT_ONLY_NOT_FULL_TEXT_VERIFIED,PUBLICATION_ABSTRACT_COMPATIBLE_WITH_HIGH_LEVEL_TOPIC
52,noppel2024sok,SoK: Explainable Machine Learning in Adversarial Environments,2024,Secondary systematization / evaluation resource,secondary synthesis,literature,context / coverage,AUTHOR_REPORTED_SOURCE_REVIEW_2026-09-22,Curated manuscript evidence record; submitting author reports checking all cited source publications on 2026-09-22. Source-page locators for every individual code are not recorded in this row.,YES,[18],MATCH_BY_AUTOMATED_NORMALIZED_TITLE,secondary evidence,AUTHOR_REPORTS_SOURCE_REVIEW; NO_INDEPENDENT_FULL_TEXT_AUDIT_IN_THIS_PACKAGE,NOT_SPECIFIED_IN_MANUSCRIPT_CODE,NOT_SPECIFIED_IN_MANUSCRIPT_CODE,NOT_SPECIFIED_IN_MANUSCRIPT_CODE,NOT_SPECIFIED_IN_MANUSCRIPT_CODE,NOT_SPECIFIED_IN_MANUSCRIPT_CODE,NOT_SPECIFIED_IN_MANUSCRIPT_CODE,NO_PER_STUDY_P1_TO_P6_DIRECT_ADJACENT_MATRIX_RECORDED,https://ieeexplore.ieee.org/document/10646794,adversarial-XAI systematization; background only,ABSTRACT_ONLY_NOT_FULL_TEXT_VERIFIED,PUBLICATION_ABSTRACT_COMPATIBLE_WITH_HIGH_LEVEL_TOPIC
53,baniecki2024survey,Adversarial Attacks and Defenses in Explainable Artificial Intelligence: A Survey,2024,Secondary systematization / evaluation resource,secondary synthesis,literature,context / coverage,AUTHOR_REPORTED_SOURCE_REVIEW_2026-09-22,Curated manuscript evidence record; submitting author reports checking all cited source publications on 2026-09-22. Source-page locators for every individual code are not recorded in this row.,YES,[19],MATCH_BY_AUTOMATED_NORMALIZED_TITLE,secondary evidence,AUTHOR_REPORTS_SOURCE_REVIEW; NO_INDEPENDENT_FULL_TEXT_AUDIT_IN_THIS_PACKAGE,NOT_SPECIFIED_IN_MANUSCRIPT_CODE,NOT_SPECIFIED_IN_MANUSCRIPT_CODE,NOT_SPECIFIED_IN_MANUSCRIPT_CODE,NOT_SPECIFIED_IN_MANUSCRIPT_CODE,NOT_SPECIFIED_IN_MANUSCRIPT_CODE,NOT_SPECIFIED_IN_MANUSCRIPT_CODE,NO_PER_STUDY_P1_TO_P6_DIRECT_ADJACENT_MATRIX_RECORDED,,,NOT_CHECKED_FULL_TEXT,NOT_CHECKED
54,vadillo2025survey,Adversarial Attacks in Explainable Machine Learning: A Survey of Threats Against Models and Humans,2025,Secondary systematization / evaluation resource,secondary synthesis,literature,context / coverage,AUTHOR_REPORTED_SOURCE_REVIEW_2026-09-22,Curated manuscript evidence record; submitting author reports checking all cited source publications on 2026-09-22. Source-page locators for every individual code are not recorded in this row.,YES,[20],MATCH_BY_AUTOMATED_NORMALIZED_TITLE,secondary evidence,AUTHOR_REPORTS_SOURCE_REVIEW; NO_INDEPENDENT_FULL_TEXT_AUDIT_IN_THIS_PACKAGE,NOT_SPECIFIED_IN_MANUSCRIPT_CODE,NOT_SPECIFIED_IN_MANUSCRIPT_CODE,NOT_SPECIFIED_IN_MANUSCRIPT_CODE,NOT_SPECIFIED_IN_MANUSCRIPT_CODE,NOT_SPECIFIED_IN_MANUSCRIPT_CODE,NOT_SPECIFIED_IN_MANUSCRIPT_CODE,NO_PER_STUDY_P1_TO_P6_DIRECT_ADJACENT_MATRIX_RECORDED,,,NOT_CHECKED_FULL_TEXT,NOT_CHECKED
55,nguyen2025privacy,"Privacy-preserving explainable AI: A survey,",2025,Secondary systematization / evaluation resource,secondary synthesis,literature,context / coverage,AUTHOR_REPORTED_SOURCE_REVIEW_2026-09-22,Curated manuscript evidence record; submitting author reports checking all cited source publications on 2026-09-22. Source-page locators for every individual code are not recorded in this row.,YES,[21],MATCH_BY_AUTOMATED_NORMALIZED_TITLE,secondary evidence,AUTHOR_REPORTS_SOURCE_REVIEW; NO_INDEPENDENT_FULL_TEXT_AUDIT_IN_THIS_PACKAGE,NOT_SPECIFIED_IN_MANUSCRIPT_CODE,NOT_SPECIFIED_IN_MANUSCRIPT_CODE,NOT_SPECIFIED_IN_MANUSCRIPT_CODE,NOT_SPECIFIED_IN_MANUSCRIPT_CODE,NOT_SPECIFIED_IN_MANUSCRIPT_CODE,NOT_SPECIFIED_IN_MANUSCRIPT_CODE,NO_PER_STUDY_P1_TO_P6_DIRECT_ADJACENT_MATRIX_RECORDED,,,NOT_CHECKED_FULL_TEXT,NOT_CHECKED
