original_evidence_role,normalized_evidence_class,interpretation_guardrail,source_verification
architecture,carrier-defining architecture,CONTEXT_ONLY_NOT_DIRECT_SECURITY,AUTHOR_SOURCE_REVIEW_REPORTED; PER_STUDY_EVIDENCE_PAGE_NOT_ENCODED_HERE
architecture/editing,carrier-defining architecture,CONTEXT_ONLY_NOT_DIRECT_SECURITY,AUTHOR_SOURCE_REVIEW_REPORTED; PER_STUDY_EVIDENCE_PAGE_NOT_ENCODED_HERE
architecture/reliability,carrier-defining architecture + adjacent reliability,ADJACENT_REQUIRES_SOURCE_REVIEW,AUTHOR_SOURCE_REVIEW_REPORTED; PER_STUDY_EVIDENCE_PAGE_NOT_ENCODED_HERE
boundary attack,boundary evidence,NOT_DIRECT_INTRINSIC_EVIDENCE,AUTHOR_SOURCE_REVIEW_REPORTED; PER_STUDY_EVIDENCE_PAGE_NOT_ENCODED_HERE
boundary defense,boundary evidence,NOT_DIRECT_INTRINSIC_EVIDENCE,AUTHOR_SOURCE_REVIEW_REPORTED; PER_STUDY_EVIDENCE_PAGE_NOT_ENCODED_HERE
boundary evaluation,boundary evidence,NOT_DIRECT_INTRINSIC_EVIDENCE,AUTHOR_SOURCE_REVIEW_REPORTED; PER_STUDY_EVIDENCE_PAGE_NOT_ENCODED_HERE
boundary privacy attack,boundary evidence,NOT_DIRECT_INTRINSIC_EVIDENCE,AUTHOR_SOURCE_REVIEW_REPORTED; PER_STUDY_EVIDENCE_PAGE_NOT_ENCODED_HERE
boundary privacy defense,boundary evidence,NOT_DIRECT_INTRINSIC_EVIDENCE,AUTHOR_SOURCE_REVIEW_REPORTED; PER_STUDY_EVIDENCE_PAGE_NOT_ENCODED_HERE
boundary security,boundary evidence,NOT_DIRECT_INTRINSIC_EVIDENCE,AUTHOR_SOURCE_REVIEW_REPORTED; PER_STUDY_EVIDENCE_PAGE_NOT_ENCODED_HERE
direct attack,direct security evidence,DIRECT_CLAIM_REQUIRES_SOURCE_REVIEW,AUTHOR_SOURCE_REVIEW_REPORTED; PER_STUDY_EVIDENCE_PAGE_NOT_ENCODED_HERE
direct defense,direct reliability evidence,RELIABILITY_OR_SHORTCUT_MITIGATION_IS_NOT_AN_ATTACK_TEST; HISTORIC LABEL UNASSIGNED AFTER RECLASSIFICATION,AUTHOR_SOURCE_REVIEW_REPORTED; PER_STUDY_EVIDENCE_PAGE_NOT_ENCODED_HERE
direct reliability,direct reliability evidence,RELIABILITY_NOT_AUTOMATIC_ATTACK_PROOF,AUTHOR_SOURCE_REVIEW_REPORTED; PER_STUDY_EVIDENCE_PAGE_NOT_ENCODED_HERE
direct robustness,direct security evidence,DIRECT_CLAIM_REQUIRES_SOURCE_REVIEW,AUTHOR_SOURCE_REVIEW_REPORTED; PER_STUDY_EVIDENCE_PAGE_NOT_ENCODED_HERE
direct security,direct security evidence,DIRECT_CLAIM_REQUIRES_SOURCE_REVIEW,AUTHOR_SOURCE_REVIEW_REPORTED; PER_STUDY_EVIDENCE_PAGE_NOT_ENCODED_HERE
intervention reliability,direct reliability evidence,RELIABILITY_NOT_AUTOMATIC_ATTACK_PROOF,AUTHOR_SOURCE_REVIEW_REPORTED; PER_STUDY_EVIDENCE_PAGE_NOT_ENCODED_HERE
reliability,direct reliability evidence,RELIABILITY_NOT_AUTOMATIC_ATTACK_PROOF,AUTHOR_SOURCE_REVIEW_REPORTED; PER_STUDY_EVIDENCE_PAGE_NOT_ENCODED_HERE
reliability analysis,direct reliability evidence,RELIABILITY_NOT_AUTOMATIC_ATTACK_PROOF,AUTHOR_SOURCE_REVIEW_REPORTED; PER_STUDY_EVIDENCE_PAGE_NOT_ENCODED_HERE
robustness to noise,direct reliability evidence,NOISE_ROBUSTNESS_NOT_ADVERSARIAL_SECURITY,AUTHOR_SOURCE_REVIEW_REPORTED; PER_STUDY_EVIDENCE_PAGE_NOT_ENCODED_HERE
secondary synthesis,secondary evidence,NOT_PRIMARY_SECURITY_EVIDENCE,AUTHOR_SOURCE_REVIEW_REPORTED; PER_STUDY_EVIDENCE_PAGE_NOT_ENCODED_HERE
training reliability,direct reliability evidence,RELIABILITY_NOT_AUTOMATIC_ATTACK_PROOF,AUTHOR_SOURCE_REVIEW_REPORTED; PER_STUDY_EVIDENCE_PAGE_NOT_ENCODED_HERE
verification,direct verification evidence,CERTIFICATE_SCOPE_REQUIRES_SOURCE_REVIEW,AUTHOR_SOURCE_REVIEW_REPORTED; PER_STUDY_EVIDENCE_PAGE_NOT_ENCODED_HERE
