carrier_family,carrier_family_record_count,threat_domain,qualitative_table_XII_label,representative_manuscript_ref_numbers,cited_record_title_and_coding_role,explicit_reason_for_author_level_synthesis,classification_scope,original_page_or_section_locator,second_reviewer_independent_full_text_replication
Self-explaining / concept,14,input_attack,direct,[22]; [27]; [28],[22] Analyzing the Interpretability Robustness of Self-Explaining Models [role: direct attack; coded family: Self-explaining / concept] | [27] Understanding and Enhancing Robustness of Concept-Based Models [role: direct security; coded family: Self-explaining / concept] | [28] Exploring the Impact of Conceptual Bottlenecks on Adversarial Robustness of Deep Neural Networks [role: direct robustness; coded family: Self-explaining / concept],Direct studies discuss perturbation and adversarial robustness of self-explaining or concept-bottleneck models.,AUTHOR_QUALITATIVE_TOPIC_MAPPING_WITHIN_CURATED_CORPUS; NOT_A_PER_STUDY_P1_TO_P6_SCORE,NOT_RECORDED_FOR_EACH_SYNTHESIS_CELL,NOT_CLAIMED
Self-explaining / concept,14,poison_or_backdoor,direct,[32],[32] Multimodal Deception in Explainable AI: Concept-Level Backdoor Attacks on Concept Bottleneck Models [role: direct security; coded family: Self-explaining / concept],Concept-level backdoor attack is the explicit direct topic in this corpus; do not infer that all concept models were backdoor-tested.,AUTHOR_QUALITATIVE_TOPIC_MAPPING_WITHIN_CURATED_CORPUS; NOT_A_PER_STUDY_P1_TO_P6_SCORE,NOT_RECORDED_FOR_EACH_SYNTHESIS_CELL,NOT_CLAIMED
Self-explaining / concept,14,semantic,direct,[30]; [31],"[30] An Analysis of Concept Bottleneck Models: Measuring, Understanding, and Mitigating the Impact of Noisy Annotations [role: training reliability; coded family: Self-explaining / concept] | [31] Debugging Concept Bottleneck Models through Removal and Retraining [role: direct reliability; coded family: Self-explaining / concept]",Noisy concept annotations and debugging of unwanted concept reasoning directly address quality of concept semantics; these are not necessarily malicious attacks.,AUTHOR_QUALITATIVE_TOPIC_MAPPING_WITHIN_CURATED_CORPUS; NOT_A_PER_STUDY_P1_TO_P6_SCORE,NOT_RECORDED_FOR_EACH_SYNTHESIS_CELL,NOT_CLAIMED
Self-explaining / concept,14,intervene,direct,[29]; [46],[29] A Closer Look at the Intervention Procedure of Concept Bottleneck Models [role: direct reliability; coded family: Self-explaining / concept] | [46] Learning to Intervene on Concept Bottlenecks [role: intervention reliability; coded family: Self-explaining / concept],Concept intervention procedure and persistent intervention mechanisms are studied directly; malicious-edit security is not thereby established.,AUTHOR_QUALITATIVE_TOPIC_MAPPING_WITHIN_CURATED_CORPUS; NOT_A_PER_STUDY_P1_TO_P6_SCORE,NOT_RECORDED_FOR_EACH_SYNTHESIS_CELL,NOT_CLAIMED
Self-explaining / concept,14,privacy,open,,,No direct privacy evaluation for this carrier family is coded in the curated family rows; this is not a whole-literature absence claim.,AUTHOR_QUALITATIVE_TOPIC_MAPPING_WITHIN_CURATED_CORPUS; NOT_A_PER_STUDY_P1_TO_P6_SCORE,NOT_RECORDED_FOR_EACH_SYNTHESIS_CELL,NOT_CLAIMED
Self-explaining / concept,14,verify,adjacent,[29]; [46],[29] A Closer Look at the Intervention Procedure of Concept Bottleneck Models [role: direct reliability; coded family: Self-explaining / concept] | [46] Learning to Intervene on Concept Bottlenecks [role: intervention reliability; coded family: Self-explaining / concept],Intervention evaluation gives adjacent auditability evidence but is not a formal security or semantic certificate.,AUTHOR_QUALITATIVE_TOPIC_MAPPING_WITHIN_CURATED_CORPUS; NOT_A_PER_STUDY_P1_TO_P6_SCORE,NOT_RECORDED_FOR_EACH_SYNTHESIS_CELL,NOT_CLAIMED
Prototype / example-based,6,input_attack,direct,[36],[36] Birds Look Like Cars: Adversarial Analysis of Intrinsically Interpretable Deep Learning [role: direct security; coded family: Prototype / example-based],Adversarial analysis directly studies intrinsically interpretable prototype-based models.,AUTHOR_QUALITATIVE_TOPIC_MAPPING_WITHIN_CURATED_CORPUS; NOT_A_PER_STUDY_P1_TO_P6_SCORE,NOT_RECORDED_FOR_EACH_SYNTHESIS_CELL,NOT_CLAIMED
Prototype / example-based,6,poison_or_backdoor,direct,[36],[36] Birds Look Like Cars: Adversarial Analysis of Intrinsically Interpretable Deep Learning [role: direct security; coded family: Prototype / example-based],Adversarial manipulation of prototype behavior is treated as a direct attack topic in the manuscript; the exact training-time poison versus model-side modification mechanism is not independently re-coded here.,AUTHOR_QUALITATIVE_TOPIC_MAPPING_WITHIN_CURATED_CORPUS; NOT_A_PER_STUDY_P1_TO_P6_SCORE,NOT_RECORDED_FOR_EACH_SYNTHESIS_CELL,NOT_CLAIMED
Prototype / example-based,6,semantic,direct,[34]; [35],[34] Evaluation and Improvement of Interpretability for Self-Explainable Part-Prototype Networks [role: direct reliability; coded family: Prototype / example-based] | [35] Interpretability Benchmark for Evaluating Spatial Misalignment of Prototypical Parts Explanations [role: direct reliability; coded family: Prototype / example-based],"Part-prototype interpretability and spatial alignment are directly evaluated; semantic misalignment is a reliability finding, not proof of an adaptive attack.",AUTHOR_QUALITATIVE_TOPIC_MAPPING_WITHIN_CURATED_CORPUS; NOT_A_PER_STUDY_P1_TO_P6_SCORE,NOT_RECORDED_FOR_EACH_SYNTHESIS_CELL,NOT_CLAIMED
Prototype / example-based,6,intervene,open,,,No prototype editing/intervention security study is coded among the six prototype-family rows.,AUTHOR_QUALITATIVE_TOPIC_MAPPING_WITHIN_CURATED_CORPUS; NOT_A_PER_STUDY_P1_TO_P6_SCORE,NOT_RECORDED_FOR_EACH_SYNTHESIS_CELL,NOT_CLAIMED
Prototype / example-based,6,privacy,open,,,No prototype-specific privacy study is coded among the six prototype-family rows.,AUTHOR_QUALITATIVE_TOPIC_MAPPING_WITHIN_CURATED_CORPUS; NOT_A_PER_STUDY_P1_TO_P6_SCORE,NOT_RECORDED_FOR_EACH_SYNTHESIS_CELL,NOT_CLAIMED
Prototype / example-based,6,verify,adjacent,[34]; [35],[34] Evaluation and Improvement of Interpretability for Self-Explainable Part-Prototype Networks [role: direct reliability; coded family: Prototype / example-based] | [35] Interpretability Benchmark for Evaluating Spatial Misalignment of Prototypical Parts Explanations [role: direct reliability; coded family: Prototype / example-based],Evaluation/benchmark results inform audits but do not furnish complete verification or security certification.,AUTHOR_QUALITATIVE_TOPIC_MAPPING_WITHIN_CURATED_CORPUS; NOT_A_PER_STUDY_P1_TO_P6_SCORE,NOT_RECORDED_FOR_EACH_SYNTHESIS_CELL,NOT_CLAIMED
Additive / shape functions,7,input_attack,adjacent,[51],[51] Maximum Likelihood Neural Additive Models [role: robustness to noise; coded family: Additive / shape functions],Robustness to noisy or heavy-tailed data gives adjacent stress evidence; it is not an adaptive adversarial-input experiment.,AUTHOR_QUALITATIVE_TOPIC_MAPPING_WITHIN_CURATED_CORPUS; NOT_A_PER_STUDY_P1_TO_P6_SCORE,NOT_RECORDED_FOR_EACH_SYNTHESIS_CELL,NOT_CLAIMED
Additive / shape functions,7,poison_or_backdoor,open,,,No targeted poison/backdoor experiment is coded for the additive-family rows.,AUTHOR_QUALITATIVE_TOPIC_MAPPING_WITHIN_CURATED_CORPUS; NOT_A_PER_STUDY_P1_TO_P6_SCORE,NOT_RECORDED_FOR_EACH_SYNTHESIS_CELL,NOT_CLAIMED
Additive / shape functions,7,semantic,direct,[39]; [40],[39] How interpretable and trustworthy are GAMs? [role: direct reliability; coded family: Additive / shape functions] | [40] Challenges in Interpretability of Additive Models [role: reliability analysis; coded family: Additive / shape functions],Reliability and non-identifiability of learned additive effects are directly analyzed; the cited works do not necessarily study malicious manipulation.,AUTHOR_QUALITATIVE_TOPIC_MAPPING_WITHIN_CURATED_CORPUS; NOT_A_PER_STUDY_P1_TO_P6_SCORE,NOT_RECORDED_FOR_EACH_SYNTHESIS_CELL,NOT_CLAIMED
Additive / shape functions,7,intervene,open,,,No malicious feature-edit/intervention-policy test is coded for the additive-family rows.,AUTHOR_QUALITATIVE_TOPIC_MAPPING_WITHIN_CURATED_CORPUS; NOT_A_PER_STUDY_P1_TO_P6_SCORE,NOT_RECORDED_FOR_EACH_SYNTHESIS_CELL,NOT_CLAIMED
Additive / shape functions,7,privacy,open,,,No additive-carrier-specific privacy attack is coded for the additive-family rows.,AUTHOR_QUALITATIVE_TOPIC_MAPPING_WITHIN_CURATED_CORPUS; NOT_A_PER_STUDY_P1_TO_P6_SCORE,NOT_RECORDED_FOR_EACH_SYNTHESIS_CELL,NOT_CLAIMED
Additive / shape functions,7,verify,direct,[41],[41] Provably Explaining Neural Additive Models [role: verification; coded family: Additive / shape functions],Formal proof about neural additive explanations is the direct topic; this does not amount to a certificate of human semantic alignment.,AUTHOR_QUALITATIVE_TOPIC_MAPPING_WITHIN_CURATED_CORPUS; NOT_A_PER_STUDY_P1_TO_P6_SCORE,NOT_RECORDED_FOR_EACH_SYNTHESIS_CELL,NOT_CLAIMED
Explanation bottleneck,1,input_attack,open,,,"The single coded paper defines an architecture, not an empirical adversarial-input test.",AUTHOR_QUALITATIVE_TOPIC_MAPPING_WITHIN_CURATED_CORPUS; NOT_A_PER_STUDY_P1_TO_P6_SCORE,NOT_RECORDED_FOR_EACH_SYNTHESIS_CELL,NOT_CLAIMED
Explanation bottleneck,1,poison_or_backdoor,open,,,The single coded paper is not coded as a poison/backdoor study.,AUTHOR_QUALITATIVE_TOPIC_MAPPING_WITHIN_CURATED_CORPUS; NOT_A_PER_STUDY_P1_TO_P6_SCORE,NOT_RECORDED_FOR_EACH_SYNTHESIS_CELL,NOT_CLAIMED
Explanation bottleneck,1,semantic,adjacent,[7],[7] Explanation Bottleneck Models [role: architecture; coded family: Explanation bottleneck],"The bottleneck exposes natural-language state, making semantic alignment an adjacent design issue rather than a demonstrated security failure.",AUTHOR_QUALITATIVE_TOPIC_MAPPING_WITHIN_CURATED_CORPUS; NOT_A_PER_STUDY_P1_TO_P6_SCORE,NOT_RECORDED_FOR_EACH_SYNTHESIS_CELL,NOT_CLAIMED
Explanation bottleneck,1,intervene,adjacent,[7],[7] Explanation Bottleneck Models [role: architecture; coded family: Explanation bottleneck],A text bottleneck implies an editable interface for future study; the source is not coded as an attack on an intervention policy.,AUTHOR_QUALITATIVE_TOPIC_MAPPING_WITHIN_CURATED_CORPUS; NOT_A_PER_STUDY_P1_TO_P6_SCORE,NOT_RECORDED_FOR_EACH_SYNTHESIS_CELL,NOT_CLAIMED
Explanation bottleneck,1,privacy,open,,,No bottleneck-specific privacy attack is coded for the one-paper family.,AUTHOR_QUALITATIVE_TOPIC_MAPPING_WITHIN_CURATED_CORPUS; NOT_A_PER_STUDY_P1_TO_P6_SCORE,NOT_RECORDED_FOR_EACH_SYNTHESIS_CELL,NOT_CLAIMED
Explanation bottleneck,1,verify,open,,,No carrier-security certificate is coded for the one-paper family.,AUTHOR_QUALITATIVE_TOPIC_MAPPING_WITHIN_CURATED_CORPUS; NOT_A_PER_STUDY_P1_TO_P6_SCORE,NOT_RECORDED_FOR_EACH_SYNTHESIS_CELL,NOT_CLAIMED
Post-hoc attack / evaluation boundary,11,input_attack,direct,[9],[9] Explanations Can Be Manipulated and Geometry Is to Blame [role: boundary attack; coded family: Post-hoc attack / evaluation boundary],"Adversarial input manipulation of post-hoc explanations is directly studied; it is boundary evidence, not direct intrinsic-carrier evidence.",AUTHOR_QUALITATIVE_TOPIC_MAPPING_WITHIN_CURATED_CORPUS; NOT_A_PER_STUDY_P1_TO_P6_SCORE,NOT_RECORDED_FOR_EACH_SYNTHESIS_CELL,NOT_CLAIMED
Post-hoc attack / evaluation boundary,11,poison_or_backdoor,direct,[14],[14] Disguising Attacks with Explanation-Aware Backdoors [role: boundary security; coded family: Post-hoc attack / evaluation boundary],Explanation-aware backdoors are directly studied for the boundary category; no transfer to every intrinsic family is implied.,AUTHOR_QUALITATIVE_TOPIC_MAPPING_WITHIN_CURATED_CORPUS; NOT_A_PER_STUDY_P1_TO_P6_SCORE,NOT_RECORDED_FOR_EACH_SYNTHESIS_CELL,NOT_CLAIMED
Post-hoc attack / evaluation boundary,11,semantic,direct,[11]; [12]; [75],[11] Fooling LIME and SHAP: Adversarial Attacks on Post hoc Explanation Methods [role: boundary attack; coded family: Post-hoc attack / evaluation boundary] | [12] Fairwashing Explanations with Off-Manifold Detergent [role: boundary attack; coded family: Post-hoc attack / evaluation boundary] | [75] Fairwashing: The Risk of Rationalization [role: boundary attack; coded family: Post-hoc attack / evaluation boundary],"Manipulated or fairwashed post-hoc interpretations directly address misleading explanation content, not causal semantic certificates of intrinsic carriers.",AUTHOR_QUALITATIVE_TOPIC_MAPPING_WITHIN_CURATED_CORPUS; NOT_A_PER_STUDY_P1_TO_P6_SCORE,NOT_RECORDED_FOR_EACH_SYNTHESIS_CELL,NOT_CLAIMED
Post-hoc attack / evaluation boundary,11,intervene,open,,,No direct intervention-policy-security test is coded for these post-hoc boundary works.,AUTHOR_QUALITATIVE_TOPIC_MAPPING_WITHIN_CURATED_CORPUS; NOT_A_PER_STUDY_P1_TO_P6_SCORE,NOT_RECORDED_FOR_EACH_SYNTHESIS_CELL,NOT_CLAIMED
Post-hoc attack / evaluation boundary,11,privacy,adjacent,[9]; [11],[9] Explanations Can Be Manipulated and Geometry Is to Blame [role: boundary attack; coded family: Post-hoc attack / evaluation boundary] | [11] Fooling LIME and SHAP: Adversarial Attacks on Post hoc Explanation Methods [role: boundary attack; coded family: Post-hoc attack / evaluation boundary],"The exposure of explanations provides an interface analogy; privacy risk itself is directly studied in the separate privacy/counterfactual boundary group, not established by these two papers.",AUTHOR_QUALITATIVE_TOPIC_MAPPING_WITHIN_CURATED_CORPUS; NOT_A_PER_STUDY_P1_TO_P6_SCORE,NOT_RECORDED_FOR_EACH_SYNTHESIS_CELL,NOT_CLAIMED
Post-hoc attack / evaluation boundary,11,verify,adjacent,[78]; [82],[78] Is Your Explanation Stable? A Robustness Evaluation Framework for Feature Attribution [role: boundary evaluation; coded family: Post-hoc attack / evaluation boundary] | [82] Sanity Checks for Saliency Maps [role: boundary evaluation; coded family: Post-hoc attack / evaluation boundary],"Stability metrics and sanity checks supply adjacent audit tests, not universal guarantees.",AUTHOR_QUALITATIVE_TOPIC_MAPPING_WITHIN_CURATED_CORPUS; NOT_A_PER_STUDY_P1_TO_P6_SCORE,NOT_RECORDED_FOR_EACH_SYNTHESIS_CELL,NOT_CLAIMED
Privacy / counterfactual boundary,8,input_attack,open,,,No adversarial-input evaluation is coded for the privacy/counterfactual group.,AUTHOR_QUALITATIVE_TOPIC_MAPPING_WITHIN_CURATED_CORPUS; NOT_A_PER_STUDY_P1_TO_P6_SCORE,NOT_RECORDED_FOR_EACH_SYNTHESIS_CELL,NOT_CLAIMED
Privacy / counterfactual boundary,8,poison_or_backdoor,open,,,No poison/backdoor test is coded for the privacy/counterfactual group.,AUTHOR_QUALITATIVE_TOPIC_MAPPING_WITHIN_CURATED_CORPUS; NOT_A_PER_STUDY_P1_TO_P6_SCORE,NOT_RECORDED_FOR_EACH_SYNTHESIS_CELL,NOT_CLAIMED
Privacy / counterfactual boundary,8,semantic,adjacent,[76],[76] The Privacy Issue of Counterfactual Explanations: Explanation Linkage Attacks [role: boundary privacy attack; coded family: Privacy / counterfactual boundary],"Counterfactual explanation linkage is an adjacent warning about explanation meaning/observability, not a direct intrinsic semantic attack.",AUTHOR_QUALITATIVE_TOPIC_MAPPING_WITHIN_CURATED_CORPUS; NOT_A_PER_STUDY_P1_TO_P6_SCORE,NOT_RECORDED_FOR_EACH_SYNTHESIS_CELL,NOT_CLAIMED
Privacy / counterfactual boundary,8,intervene,open,,,Counterfactual generation is not a writable internal carrier intervention; no direct intervention test is coded.,AUTHOR_QUALITATIVE_TOPIC_MAPPING_WITHIN_CURATED_CORPUS; NOT_A_PER_STUDY_P1_TO_P6_SCORE,NOT_RECORDED_FOR_EACH_SYNTHESIS_CELL,NOT_CLAIMED
Privacy / counterfactual boundary,8,privacy,direct,[15]; [16]; [17]; [49]; [76],"[15] Model Reconstruction from Model Explanations [role: boundary privacy attack; coded family: Privacy / counterfactual boundary] | [16] On the Privacy Risks of Model Explanations [role: boundary privacy attack; coded family: Privacy / counterfactual boundary] | [17] Inferring Sensitive Attributes from Model Explanations [role: boundary privacy attack; coded family: Privacy / counterfactual boundary] | [49] DualCF: Efficient model extraction attack from counterfactual explanations, [role: boundary privacy attack; coded family: Privacy / counterfactual boundary] | [76] The Privacy Issue of Counterfactual Explanations: Explanation Linkage Attacks [role: boundary privacy attack; coded family: Privacy / counterfactual boundary]","Model reconstruction, privacy inference, model extraction and linkage attacks directly study information exposure from explanation/counterfactual interfaces; all are boundary evidence.",AUTHOR_QUALITATIVE_TOPIC_MAPPING_WITHIN_CURATED_CORPUS; NOT_A_PER_STUDY_P1_TO_P6_SCORE,NOT_RECORDED_FOR_EACH_SYNTHESIS_CELL,NOT_CLAIMED
Privacy / counterfactual boundary,8,verify,adjacent,[50]; [77],"[50] Model Explanations with Differential Privacy [role: boundary privacy defense; coded family: Privacy / counterfactual boundary] | [77] Counterfactual Explanation at Will, with Zero Privacy Leakage [role: boundary privacy defense; coded family: Privacy / counterfactual boundary]",Privacy-preserving explanation designs inform how disclosure may be bounded; they do not establish carrier-wide verification.,AUTHOR_QUALITATIVE_TOPIC_MAPPING_WITHIN_CURATED_CORPUS; NOT_A_PER_STUDY_P1_TO_P6_SCORE,NOT_RECORDED_FOR_EACH_SYNTHESIS_CELL,NOT_CLAIMED
